category,institution_code,name,district,address,phone,departments,latitude,longitude,geocode_method,source_name,source_url
medical,3538011945,福山診所,南投縣南投市,南投縣南投市福山里八卦路507號1樓,049-2334060,"西醫一般科,",23.9122499,120.6381076,google_maps_result,醫療機構與人員基本資料,https://dep.mohw.gov.tw/doma/fp-4926-54415-106.html
medical,3538010475,怡和內科診所,南投縣南投市,南投縣南投市復興路99-3號,049-2231401,"內科,",23.903936899999998,120.687737,google_maps_result,醫療機構與人員基本資料,https://dep.mohw.gov.tw/doma/fp-4926-54415-106.html
medical,3738010077,盧牙醫診所,南投縣南投市,南投縣南投市中山街２４８號,049-2231589,"牙醫一般科,",23.9106731,120.6845359,google_maps_result,醫療機構與人員基本資料,https://dep.mohw.gov.tw/doma/fp-4926-54415-106.html
medical,3738010120,廖牙醫診所,南投縣南投市,南投縣南投市文昌街８４號,049-2222862,"牙醫一般科,",23.9074106,120.68609289999999,google_maps_result,醫療機構與人員基本資料,https://dep.mohw.gov.tw/doma/fp-4926-54415-106.html
medical,3738010228,慧和牙醫診所,南投縣南投市,南投縣南投市三和二路三號,049-2222928,"牙醫一般科,",23.9045517,120.6904964,google_maps_result,醫療機構與人員基本資料,https://dep.mohw.gov.tw/doma/fp-4926-54415-106.html
medical,3738011378,陳子柔牙醫診所,南投縣南投市,南投縣南投市彰南路二段366號,049-2206525,"牙醫一般科,",23.9153859,120.67978799999999,google_maps_result,醫療機構與人員基本資料,https://dep.mohw.gov.tw/doma/fp-4926-54415-106.html
medical,3538012022,子泰診所,南投縣南投市,南投縣南投市南崗二路298號1樓,049-2223013,"兒科,",23.913027,120.678218,google_maps_result,醫療機構與人員基本資料,https://dep.mohw.gov.tw/doma/fp-4926-54415-106.html
medical,3538010484,曾俊傑診所,南投縣南投市,南投縣南投市大同街１巷２號,049-2223875,"家庭醫學科,",23.9061093,120.6882728,google_maps_result,醫療機構與人員基本資料,https://dep.mohw.gov.tw/doma/fp-4926-54415-106.html
medical,3538010537,楊聰明診所,南投縣南投市,南投縣南投市復興路373號,049-2239955,"西醫一般科,",23.9116863,120.68520629999999,google_maps_result,醫療機構與人員基本資料,https://dep.mohw.gov.tw/doma/fp-4926-54415-106.html
medical,3538010573,新協合聯合診所,南投縣南投市,南投縣南投市三和二路105號,049-2222116,"內科,",23.9036916,120.68684789999999,google_maps_result,醫療機構與人員基本資料,https://dep.mohw.gov.tw/doma/fp-4926-54415-106.html
medical,3538011981,嘉欣診所,南投縣南投市,南投縣南投市彰南路一段937號1樓,049-2236318,"家庭醫學科,",23.9026805,120.68597059999999,google_maps_result,醫療機構與人員基本資料,https://dep.mohw.gov.tw/doma/fp-4926-54415-106.html
medical,3538012040,何耳鼻喉科診所,南投縣南投市,南投縣南投市民族路258號,0492222689,"耳鼻喉科,",23.909002899999997,120.6872049,google_maps_result,醫療機構與人員基本資料,https://dep.mohw.gov.tw/doma/fp-4926-54415-106.html
medical,3538010019,蔡長志診所,南投縣南投市,南投縣南投市三和二路63號,049-2233449,"西醫一般科,",23.904124,120.688468,google_maps_result,醫療機構與人員基本資料,https://dep.mohw.gov.tw/doma/fp-4926-54415-106.html
medical,3538010055,光振診所,南投縣南投市,南投縣南投市大同街１７４號,049-2222757,"西醫一般科,",23.9097419,120.687585,google_maps_result,醫療機構與人員基本資料,https://dep.mohw.gov.tw/doma/fp-4926-54415-106.html
medical,3538010171,陳文裕內兒科診所,南投縣南投市,南投縣南投市復興路159號,049-2225123,"內科,兒科,",23.906365599999997,120.6872228,google_maps_result,醫療機構與人員基本資料,https://dep.mohw.gov.tw/doma/fp-4926-54415-106.html
medical,3538010180,聰安耳鼻喉科診所,南投縣南投市,南投縣南投市復興路191號,049-2235876,"兒科,耳鼻喉科,",23.906917099999998,120.6871482,google_maps_result,醫療機構與人員基本資料,https://dep.mohw.gov.tw/doma/fp-4926-54415-106.html
medical,3538010215,李澤霖耳鼻喉科診所,南投縣南投市,南投縣南投市文昌街98號,049-2221727,"耳鼻喉科,",23.9074363,120.68561969999999,google_maps_result,醫療機構與人員基本資料,https://dep.mohw.gov.tw/doma/fp-4926-54415-106.html
medical,3538010233,楊鎮安診所,南投縣南投市,南投縣南投市民生街47號,049-2221135,"內科,兒科,",23.9098243,120.68476869999999,google_maps_result,醫療機構與人員基本資料,https://dep.mohw.gov.tw/doma/fp-4926-54415-106.html
medical,3538010288,劉外科診所,南投縣南投市,南投縣南投市三和二路85號,049-2225147,"外科,",23.903813,120.687541,google_maps_result,醫療機構與人員基本資料,https://dep.mohw.gov.tw/doma/fp-4926-54415-106.html
medical,3538010304,許內兒科診所,南投縣南投市,南投縣南投市民族路280號,049-2221892,"內科,兒科,",23.9088094,120.6868228,google_maps_result,醫療機構與人員基本資料,https://dep.mohw.gov.tw/doma/fp-4926-54415-106.html
medical,3538010322,陳外科診所,南投縣南投市,南投縣南投市中山街238號,049-2222206,"外科,",23.9104642,120.68479629999999,google_maps_result,醫療機構與人員基本資料,https://dep.mohw.gov.tw/doma/fp-4926-54415-106.html
medical,3538010420,眾安診所,南投縣南投市,南投縣南投市文昌街75號,049-2235829,"西醫一般科,",23.907248199999998,120.68674689999999,google_maps_result,醫療機構與人員基本資料,https://dep.mohw.gov.tw/doma/fp-4926-54415-106.html
medical,3538011712,馨生婦產科小兒科診所,南投縣南投市,南投縣南投市中山街14巷13號1.2.3.5樓，15號1-2樓,049-2206626,"兒科,婦產科,",23.9055909,120.68695059999999,google_maps_result,醫療機構與人員基本資料,https://dep.mohw.gov.tw/doma/fp-4926-54415-106.html
medical,3538011767,德林婦產科診所(德林聯合門診),南投縣南投市,南投縣南投市民族路165-1號,049-2233088,"婦產科,",23.909548899999997,120.6898918,google_maps_result,醫療機構與人員基本資料,https://dep.mohw.gov.tw/doma/fp-4926-54415-106.html
medical,3538011801,徐紹倍皮膚科診所,南投縣南投市,南投縣南投市中興路620-2號,049-2208475,"皮膚科,",23.9040975,120.6907007,google_maps_result,醫療機構與人員基本資料,https://dep.mohw.gov.tw/doma/fp-4926-54415-106.html
medical,3538011847,陳祖永眼科診所,南投縣南投市,南投縣南投市復興路96-2號1F,049-2240131,"眼科,",23.9040557,120.68805719999999,google_maps_result,醫療機構與人員基本資料,https://dep.mohw.gov.tw/doma/fp-4926-54415-106.html
medical,3538010448,得生診所,南投縣南投市,南投縣南投市民族路325號,049-2238175,"西醫一般科,",23.9077447,120.6848035,google_maps_result,醫療機構與人員基本資料,https://dep.mohw.gov.tw/doma/fp-4926-54415-106.html
medical,3838011405,建華中醫診所,南投縣南投市,南投縣南投市公園南街101號1樓,049-2227580,"中醫一般科,",23.9035709,120.69003339999999,google_maps_result,醫療機構與人員基本資料,https://dep.mohw.gov.tw/doma/fp-4926-54415-106.html
medical,3838011414,一心堂中醫診所,南投縣南投市,南投縣南投市復興路257號,049-2221936,"中醫一般科,",23.9089931,120.6863449,google_maps_result,醫療機構與人員基本資料,https://dep.mohw.gov.tw/doma/fp-4926-54415-106.html
medical,3538010199,名淵內兒科診所,南投縣南投市,南投縣南投市民族路244號,049-2222818,"內科,兒科,",23.909050999999998,120.6875153,google_maps_result,醫療機構與人員基本資料,https://dep.mohw.gov.tw/doma/fp-4926-54415-106.html
medical,3538010251,英仁外科診所,南投縣南投市,南投縣南投市玉井街98號,049-2234745,"外科,",23.9115874,120.6850008,google_maps_result,醫療機構與人員基本資料,https://dep.mohw.gov.tw/doma/fp-4926-54415-106.html
medical,3538012095,黃子卿小兒科診所,南投縣南投市,南投縣南投市民族路123號1-2樓,0926-925182,"兒科,",23.9099242,120.69082809999999,google_maps_result,醫療機構與人員基本資料,https://dep.mohw.gov.tw/doma/fp-4926-54415-106.html
medical,3538012077,惠良精神科診所,南投縣南投市,南投縣南投市大同南街24號1F,049-2208296,"精神科,",23.9034169,120.6891412,google_maps_result,醫療機構與人員基本資料,https://dep.mohw.gov.tw/doma/fp-4926-54415-106.html
medical,3538012068,平安診所,南投縣南投市,南投縣南投市八德路376號1樓,049-2291653,"家庭醫學科,",23.908506199999998,120.63709089999999,google_maps_result,醫療機構與人員基本資料,https://dep.mohw.gov.tw/doma/fp-4926-54415-106.html
medical,3538012086,幼安小兒科診所,南投縣南投市,南投縣南投市民族路243號,049-2206706,"兒科,",23.9087443,120.68740299999999,google_maps_result,醫療機構與人員基本資料,https://dep.mohw.gov.tw/doma/fp-4926-54415-106.html
medical,3838011558,福氣中醫診所,南投縣南投市,南投縣南投市仁德路136號1樓,049-2372567,"中醫一般科,",23.9423131,120.69222459999999,google_maps_result,醫療機構與人員基本資料,https://dep.mohw.gov.tw/doma/fp-4926-54415-106.html
medical,3838011503,建安中醫診所,南投縣南投市,南投縣南投市中山街16號,049-2222874,"中醫一般科,",23.9056397,120.6866929,google_maps_result,醫療機構與人員基本資料,https://dep.mohw.gov.tw/doma/fp-4926-54415-106.html
medical,3838011549,禾安中醫診所,南投縣南投市,南投縣南投市民族路260號1樓,049-2233385,"中醫一般科,",23.908922099999998,120.68727109999999,google_maps_result,醫療機構與人員基本資料,https://dep.mohw.gov.tw/doma/fp-4926-54415-106.html
medical,3838011521,富康中醫診所,南投縣南投市,南投縣南投市祖祠路275號1F,049-2242625,"中醫一般科,",23.9143315,120.67815239999999,google_maps_result,醫療機構與人員基本資料,https://dep.mohw.gov.tw/doma/fp-4926-54415-106.html
medical,3738011467,詠欣牙醫診所,南投縣南投市,南投縣南投市民族路150號1至2樓,0492203999,"牙醫一般科,",23.9100096,120.69036919999999,google_maps_result,醫療機構與人員基本資料,https://dep.mohw.gov.tw/doma/fp-4926-54415-106.html
medical,3738011458,立德牙醫診所,南投縣南投市,南投縣南投市大同南街2-2號,049-2200113,"牙醫一般科,",23.9030582,120.68920999999999,google_maps_result,醫療機構與人員基本資料,https://dep.mohw.gov.tw/doma/fp-4926-54415-106.html
medical,2338010014,南投縣南投市衛生所,南投縣南投市,南投縣南投市三和一路13號,049223264,"西醫一般科,",23.902588599999998,120.6887489,google_maps_result,醫療機構與人員基本資料,https://dep.mohw.gov.tw/doma/fp-4926-54415-106.html
medical,3538011810,陳加偉耳鼻喉科診所,南投縣南投市,南投縣南投市復興路109號,0492200679,"耳鼻喉科,",23.9048269,120.6875329,google_maps_result,醫療機構與人員基本資料,https://dep.mohw.gov.tw/doma/fp-4926-54415-106.html
medical,3538011865,景聖耳鼻喉科診所,南投縣南投市,南投縣南投市中興路502-1號,2244768,"耳鼻喉科,",23.9085793,120.6918321,google_maps_result,醫療機構與人員基本資料,https://dep.mohw.gov.tw/doma/fp-4926-54415-106.html
medical,3738011449,宜民牙醫診所,南投縣南投市,南投縣南投市漳興里復興路493號,0921-046269,"牙醫一般科,",23.9148799,120.6837832,google_maps_result,醫療機構與人員基本資料,https://dep.mohw.gov.tw/doma/fp-4926-54415-106.html
medical,3838011576,芸禾中醫診所,南投縣南投市,南投縣南投市平和里民族路98號1樓,049-2224194,"中醫一般科,",23.910292899999998,120.69142219999999,google_maps_result,醫療機構與人員基本資料,https://dep.mohw.gov.tw/doma/fp-4926-54415-106.html
medical,3538012193,尚恩親子耳鼻喉科診所,南投縣南投市,南投縣南投市三和里公園南街3號1樓,0963-426835,"耳鼻喉科,",23.906142499999998,120.6896024,google_maps_result,醫療機構與人員基本資料,https://dep.mohw.gov.tw/doma/fp-4926-54415-106.html
medical,3838011585,詠祥中醫診所,南投縣南投市,南投縣南投市中山街191、193號1樓,049-2240366,"中醫一般科,",23.9094718,120.6853969,google_maps_result,醫療機構與人員基本資料,https://dep.mohw.gov.tw/doma/fp-4926-54415-106.html
medical,3838011423,坤融中醫診所,南投縣南投市,南投縣南投市中山街154號1F,049-2233336,"中醫一般科,",23.908863999999998,120.68605,google_maps_result,醫療機構與人員基本資料,https://dep.mohw.gov.tw/doma/fp-4926-54415-106.html
medical,3738011421,希望牙醫診所,南投縣南投市,南投縣南投市三和里大同南街85號,049-2228500,"牙醫一般科,",23.9050521,120.688547,google_maps_result,醫療機構與人員基本資料,https://dep.mohw.gov.tw/doma/fp-4926-54415-106.html
medical,1138010019,彰化基督教醫療財團法人南投基督教醫院,南投縣南投市,南投縣南投市中興路870號,049-2225535,"家庭醫學科,內科,外科,骨科,神經科,泌尿科,眼科,復健科,麻醉科,放射診斷科,急診醫學科,中醫一般科,",23.898894499999997,120.6839696,google_maps_result,醫療機構與人員基本資料,https://dep.mohw.gov.tw/doma/fp-4926-54415-106.html
medical,3538012166,忠聖診所,南投縣南投市,南投縣南投市中山街195號1F,049-2241359,"內科,復健科,",23.9096656,120.68538029999999,google_maps_result,醫療機構與人員基本資料,https://dep.mohw.gov.tw/doma/fp-4926-54415-106.html
medical,3838010328,隆安中醫診所,南投縣南投市,南投縣南投市彰南路二段8號1F,049-2222317,"中醫一般科,",23.908369,120.685026,google_maps_result,醫療機構與人員基本資料,https://dep.mohw.gov.tw/doma/fp-4926-54415-106.html
medical,3738011430,鑽石牙醫診所,南投縣南投市,南投縣南投市中興路566號,049-2205666,"牙醫一般科,",23.906083499999998,120.69037469999999,google_maps_result,醫療機構與人員基本資料,https://dep.mohw.gov.tw/doma/fp-4926-54415-106.html
medical,3538010144,中心診所,南投縣南投市,南投縣南投市彰南路二段50號,049-2222470,"內科,外科,",23.9093807,120.6846156,google_maps_result,醫療機構與人員基本資料,https://dep.mohw.gov.tw/doma/fp-4926-54415-106.html
medical,3538012184,寶嶸診所,南投縣南投市,南投縣南投市民族路120號1樓,2208906,"西醫一般科,",23.9102246,120.6909948,google_maps_result,醫療機構與人員基本資料,https://dep.mohw.gov.tw/doma/fp-4926-54415-106.html
medical,3538011776,德林內科診所(德林聯合門診),南投縣南投市,南投縣南投市民族路165-1號,049-2233088,"內科,",23.909548899999997,120.6898918,google_maps_result,醫療機構與人員基本資料,https://dep.mohw.gov.tw/doma/fp-4926-54415-106.html
medical,3838011487,順安中醫診所,南投縣南投市,南投縣南投市大同街149號,0928956685,"中醫一般科,",23.909364099999998,120.68746669999999,google_maps_result,醫療機構與人員基本資料,https://dep.mohw.gov.tw/doma/fp-4926-54415-106.html
medical,3538011678,義德診所,南投縣南投市,南投縣南投市彰南路二段１５號,049-2222088,"西醫一般科,",23.9084511,120.6847337,google_maps_result,醫療機構與人員基本資料,https://dep.mohw.gov.tw/doma/fp-4926-54415-106.html
medical,3838011478,萬寶堂中醫診所,南投縣南投市,南投縣南投市中興路628號,0910-419176,"中醫一般科,",23.904024,120.6906851,google_maps_result,醫療機構與人員基本資料,https://dep.mohw.gov.tw/doma/fp-4926-54415-106.html
medical,3538010528,亞中診所,南投縣南投市,南投縣南投市復興路307號,049-2227374,"家庭醫學科,",23.910029899999998,120.68594999999999,google_maps_result,醫療機構與人員基本資料,https://dep.mohw.gov.tw/doma/fp-4926-54415-106.html
medical,3738011403,健華牙醫診所,南投縣南投市,南投縣南投市民族路5號,049-2208888,"牙醫一般科,",23.9106943,120.69346739999999,google_maps_result,醫療機構與人員基本資料,https://dep.mohw.gov.tw/doma/fp-4926-54415-106.html
medical,3538012200,農安診所,南投縣南投市,南投縣南投市文昌街,049-2208679,"內科,",23.906986,120.6876406,google_maps_result,醫療機構與人員基本資料,https://dep.mohw.gov.tw/doma/fp-4926-54415-106.html
medical,3838011469,維康中醫診所,南投縣南投市,南投縣南投市三和一路87號1樓,2240557,"中醫一般科,",23.9082843,120.6822409,google_maps_center,醫療機構與人員基本資料,https://dep.mohw.gov.tw/doma/fp-4926-54415-106.html
medical,3538010091,永吉診所,南投縣南投市,南投縣南投市民生街35號,049-2226606,"內科,兒科,",23.9098637,120.6850789,google_maps_result,醫療機構與人員基本資料,https://dep.mohw.gov.tw/doma/fp-4926-54415-106.html
medical,3538011918,蔡良迪診所,南投縣南投市,南投縣南投市中學西路85號,,"內科,",23.9460952,120.6913021,google_maps_result,醫療機構與人員基本資料,https://dep.mohw.gov.tw/doma/fp-4926-54415-106.html
medical,3538011758,淵源診所,南投縣南投市,南投縣南投市民族路300號,049-2222171,"西醫一般科,",23.908687099999998,120.6863035,google_maps_result,醫療機構與人員基本資料,https://dep.mohw.gov.tw/doma/fp-4926-54415-106.html
medical,0138010027,衛生福利部南投醫院,南投縣南投市,南投縣南投市復興路478號,049231150,"家庭醫學科,內科,外科,兒科,婦產科,骨科,神經科,神經外科,泌尿科,眼科,皮膚科,精神科,復健科,麻醉科,放射診斷科,放射腫瘤科,解剖病理科,臨床病理科,核子醫學科,急診醫學科,整形外科,牙醫一般科,中醫一般科,",23.914007899999998,120.6849431,google_maps_result,醫療機構與人員基本資料,https://dep.mohw.gov.tw/doma/fp-4926-54415-106.html
medical,3738010068,祐川牙醫診所,南投縣南投市,南投縣南投市民權街５６號,049-2222238,"牙醫一般科,",23.909863899999998,120.68725789999999,google_maps_result,醫療機構與人員基本資料,https://dep.mohw.gov.tw/doma/fp-4926-54415-106.html
medical,3738010095,立大牙醫診所,南投縣南投市,南投縣南投市南陽路369號,049-2236720,"牙醫一般科,",23.912996999999997,120.683129,google_maps_result,醫療機構與人員基本資料,https://dep.mohw.gov.tw/doma/fp-4926-54415-106.html
medical,3738010157,杏蓉牙醫診所,南投縣南投市,南投縣南投市南崗三路60號,049-2250456,"牙醫一般科,",23.9275935,120.66924979999999,google_maps_result,醫療機構與人員基本資料,https://dep.mohw.gov.tw/doma/fp-4926-54415-106.html
medical,3738010175,統一牙醫診所,南投縣南投市,南投縣南投市龍井街２７號,049223408,"牙醫一般科,",23.9081442,120.6881758,google_maps_result,醫療機構與人員基本資料,https://dep.mohw.gov.tw/doma/fp-4926-54415-106.html
medical,3738010273,安泰牙醫診所,南投縣南投市,南投縣南投市中山街14巷17號,2201703,"牙醫一般科,",23.9057389,120.68706399999999,google_maps_result,醫療機構與人員基本資料,https://dep.mohw.gov.tw/doma/fp-4926-54415-106.html
medical,3738010308,華信牙醫診所,南投縣南投市,南投縣南投市三和二路８６號,049-2200368,"牙醫一般科,",23.9039489,120.6863748,google_maps_result,醫療機構與人員基本資料,https://dep.mohw.gov.tw/doma/fp-4926-54415-106.html
medical,3738011332,日新牙醫診所,南投縣南投市,南投縣南投市集賢路18號,049-2222093,"牙醫一般科,",23.9049831,120.6847166,google_maps_result,醫療機構與人員基本資料,https://dep.mohw.gov.tw/doma/fp-4926-54415-106.html
medical,3738011369,仁和牙醫診所,南投縣南投市,南投縣南投市彰南路二段364號,049-2239922,"牙醫一般科,",23.915351899999997,120.67981289999999,google_maps_result,醫療機構與人員基本資料,https://dep.mohw.gov.tw/doma/fp-4926-54415-106.html
medical,3738011387,康雅牙醫診所,南投縣南投市,南投縣南投市大同街3號,049-22293733,"牙醫一般科,",23.906096899999998,120.688234,google_maps_result,醫療機構與人員基本資料,https://dep.mohw.gov.tw/doma/fp-4926-54415-106.html
medical,3838010266,同慶中醫診所,南投縣南投市,南投縣南投市文昌街５７號1樓、地下1樓,049-2227623,"中醫一般科,",23.907230199999997,120.6873653,google_maps_result,醫療機構與人員基本資料,https://dep.mohw.gov.tw/doma/fp-4926-54415-106.html
medical,3838010293,陳清隆中醫診所,南投縣南投市,南投縣南投市中山街１４巷２１號,,"中醫一般科,",23.905757299999998,120.6871305,google_maps_result,醫療機構與人員基本資料,https://dep.mohw.gov.tw/doma/fp-4926-54415-106.html
medical,3838011361,仁愛中醫診所,南投縣南投市,南投縣南投市彰南路一段943號,049-2226706,"中醫一般科,",23.9028521,120.6860004,google_maps_result,醫療機構與人員基本資料,https://dep.mohw.gov.tw/doma/fp-4926-54415-106.html
medical,3838010033,惠生中醫診所,南投縣南投市,南投縣南投市漳和里彰南路二段４７９號,049-2223179,"中醫一般科,",23.9170373,120.6782533,google_maps_result,醫療機構與人員基本資料,https://dep.mohw.gov.tw/doma/fp-4926-54415-106.html
medical,3838010131,德安中醫診所,南投縣南投市,南投縣南投市彰南路二段510號,049-2252775,"中醫一般科,",23.918406599999997,120.6782875,google_maps_result,醫療機構與人員基本資料,https://dep.mohw.gov.tw/doma/fp-4926-54415-106.html
medical,3838010239,合德中醫診所,南投縣南投市,南投縣南投市中興路608號,049-2243197,"中醫一般科,",23.905006099999998,120.69055859999999,google_maps_result,醫療機構與人員基本資料,https://dep.mohw.gov.tw/doma/fp-4926-54415-106.html
medical,3838010248,一品堂中醫診所,南投縣南投市,南投縣南投市復興路78號1樓,049-2228696,"中醫一般科,",23.9036631,120.6880765,google_maps_result,醫療機構與人員基本資料,https://dep.mohw.gov.tw/doma/fp-4926-54415-106.html
medical,3538012059,仲治診所,南投縣南投市,南投縣南投市集賢路58號1樓,049-2202600,"西醫一般科,",23.904804799999997,120.68386199999999,google_maps_result,醫療機構與人員基本資料,https://dep.mohw.gov.tw/doma/fp-4926-54415-106.html
medical,3538012022,子泰診所,南投縣南投市,南投縣南投市南崗二路298號1樓,049-2223013,"兒科,",23.913027,120.678218,google_maps_result,醫療機構與人員基本資料,https://dep.mohw.gov.tw/doma/fp-4926-54415-106.html
medical,3538010528,亞中診所,南投縣南投市,南投縣南投市復興路307號,049-2227374,"家庭醫學科,",23.910029899999998,120.68594999999999,google_maps_result,醫療機構與人員基本資料,https://dep.mohw.gov.tw/doma/fp-4926-54415-106.html
medical,3738010264,現代牙醫診所,南投縣南投市,南投縣南投市彰南路二段３２８號,049-2209226,"牙醫一般科,",23.9145382,120.6803947,google_maps_result,醫療機構與人員基本資料,https://dep.mohw.gov.tw/doma/fp-4926-54415-106.html
medical,3838011530,中興大愛中醫診所,南投縣南投市,南投縣南投市營北里學藝路5號,049-2331339,"中醫一般科,",23.950312,120.6890875,google_maps_result,醫療機構與人員基本資料,https://dep.mohw.gov.tw/doma/fp-4926-54415-106.html
medical,3538010439,李月瑛小兒科診所,南投縣南投市,南投縣南投市復興路88號,049-2230981,"兒科,",23.903846899999998,120.688099,google_maps_result,醫療機構與人員基本資料,https://dep.mohw.gov.tw/doma/fp-4926-54415-106.html
medical,3738011350,全美牙醫診所,南投縣南投市,南投縣南投市南陽路486號,2244185,"牙醫一般科,",23.9120143,120.68112629999999,google_maps_result,醫療機構與人員基本資料,https://dep.mohw.gov.tw/doma/fp-4926-54415-106.html
medical,3738010200,佑昇牙醫診所,南投縣南投市,南投縣南投市復興路８０號,049-2244011,"牙醫一般科,",23.903686999999998,120.688136,google_maps_result,醫療機構與人員基本資料,https://dep.mohw.gov.tw/doma/fp-4926-54415-106.html
medical,3738011412,新和牙醫診所,南投縣南投市,南投縣南投市信義街13、15號,049-2208711,"牙醫一般科,",23.9109512,120.6918142,google_maps_result,醫療機構與人員基本資料,https://dep.mohw.gov.tw/doma/fp-4926-54415-106.html
medical,3538012175,致遠身心科診所,南投縣南投市,南投縣南投市南陽路415號1樓,0926313847,"精神科,",23.912575999999998,120.68214599999999,google_maps_result,醫療機構與人員基本資料,https://dep.mohw.gov.tw/doma/fp-4926-54415-106.html
medical,3538011918,蔡良迪診所,南投縣南投市,南投縣南投市中學西路85號,,"內科,",23.9460952,120.6913021,google_maps_result,醫療機構與人員基本資料,https://dep.mohw.gov.tw/doma/fp-4926-54415-106.html
medical,3838010275,元和堂中醫診所,南投縣南投市,南投縣南投市仁德路五十七號,049-2231150,"中醫一般科,",23.943282999999997,120.6939738,google_maps_result,醫療機構與人員基本資料,https://dep.mohw.gov.tw/doma/fp-4926-54415-106.html
medical,3538010466,大千診所,南投縣南投市,南投縣南投市復興路99-4號,049-2241856,"西醫一般科,",23.9039652,120.6878261,google_maps_result,醫療機構與人員基本資料,https://dep.mohw.gov.tw/doma/fp-4926-54415-106.html
medical,3538010546,簡美華眼科診所,南投縣南投市,南投縣南投市三和二路39號,049-2222319,"眼科,",23.904248,120.68918989999999,google_maps_result,醫療機構與人員基本資料,https://dep.mohw.gov.tw/doma/fp-4926-54415-106.html
medical,3538010555,詹建盛診所,南投縣南投市,南投縣南投市南陽路475號,049-2243055,"西醫一般科,",23.911583399999998,120.6811796,google_maps_result,醫療機構與人員基本資料,https://dep.mohw.gov.tw/doma/fp-4926-54415-106.html
medical,3538010644,黃皮膚科診所,南投縣南投市,南投縣南投市復興路９１號,049-2204786,"皮膚科,",23.9036722,120.6878943,google_maps_result,醫療機構與人員基本資料,https://dep.mohw.gov.tw/doma/fp-4926-54415-106.html
medical,3538010662,梁力仁診所,南投縣南投市,南投縣南投市彰南路二段400號1樓,049-2202155,"家庭醫學科,",23.916116199999998,120.67910099999999,google_maps_result,醫療機構與人員基本資料,https://dep.mohw.gov.tw/doma/fp-4926-54415-106.html
medical,2238010012,南投縣慢性病防治所,南投縣南投市,南投縣南投市三和一路15號,049228471,"西醫一般科,",23.902520499999998,120.6884832,google_maps_result,醫療機構與人員基本資料,https://dep.mohw.gov.tw/doma/fp-4926-54415-106.html
medical,3538010037,泰全診所,南投縣南投市,南投縣南投市大同南街30號,049-2225677,"西醫一般科,",23.903718599999998,120.6890313,google_maps_result,醫療機構與人員基本資料,https://dep.mohw.gov.tw/doma/fp-4926-54415-106.html
medical,3538010582,馬冠中內科診所,南投縣南投市,南投縣南投市復興路84號,049-2202833,"內科,",23.903766899999997,120.68811799999999,google_maps_result,醫療機構與人員基本資料,https://dep.mohw.gov.tw/doma/fp-4926-54415-106.html
medical,3838011512,生元中醫診所,南投縣南投市,南投縣南投市三興里集賢路31號,049-2222865,"中醫一般科,",23.9046552,120.6846209,google_maps_result,醫療機構與人員基本資料,https://dep.mohw.gov.tw/doma/fp-4926-54415-106.html
medical,3538011883,佳成小兒科診所,南投縣南投市,南投縣南投市集賢路34號1樓,2231115,"兒科,",23.905002,120.6843162,google_maps_result,醫療機構與人員基本資料,https://dep.mohw.gov.tw/doma/fp-4926-54415-106.html
medical,3538010340,明光眼科診所,南投縣南投市,南投縣南投市中山街14巷23號,049-2233979,"眼科,",23.905772,120.68723,google_maps_result,醫療機構與人員基本資料,https://dep.mohw.gov.tw/doma/fp-4926-54415-106.html
medical,3838011432,聖恩中醫診所,南投縣南投市,南投縣南投市嘉和北路17、19號1樓,049-2220565,"中醫一般科,",23.9008215,120.6864691,google_maps_result,醫療機構與人員基本資料,https://dep.mohw.gov.tw/doma/fp-4926-54415-106.html
medical,3538022608,福樂診所,南投縣埔里鎮,南投縣埔里鎮和平東路413號,049-2900977,"內科,",23.9707856,120.9770222,google_maps_result,醫療機構與人員基本資料,https://dep.mohw.gov.tw/doma/fp-4926-54415-106.html
medical,3538020042,一弘診所,南投縣埔里鎮,南投縣埔里鎮中正一路22號,049-2983192,"家庭醫學科,",23.968688699999998,120.963933,google_maps_result,醫療機構與人員基本資料,https://dep.mohw.gov.tw/doma/fp-4926-54415-106.html
medical,3538020168,童小兒家醫科聯合診所,南投縣埔里鎮,南投縣埔里鎮中正路408號,049-2983212,"家庭醫學科,兒科,",23.9648985,120.967806,google_maps_result,醫療機構與人員基本資料,https://dep.mohw.gov.tw/doma/fp-4926-54415-106.html
medical,3538020177,江診所,南投縣埔里鎮,南投縣埔里鎮中山路二段３８６號,049-2983713,"西醫一般科,",23.9640187,120.9659896,google_maps_result,醫療機構與人員基本資料,https://dep.mohw.gov.tw/doma/fp-4926-54415-106.html
medical,3538020319,黃正誠診所,南投縣埔里鎮,南投縣埔里鎮西安路一段76號,049-2982577,"家庭醫學科,外科,",23.965406299999998,120.9658666,google_maps_result,醫療機構與人員基本資料,https://dep.mohw.gov.tw/doma/fp-4926-54415-106.html
medical,3538020382,泰源診所,南投縣埔里鎮,南投縣埔里鎮中山路三段１２８號,049-2983878,"內科,兒科,",23.966898099999998,120.962689,google_maps_result,醫療機構與人員基本資料,https://dep.mohw.gov.tw/doma/fp-4926-54415-106.html
medical,3538020499,詹診所,南投縣埔里鎮,南投縣埔里鎮北辰街1號,049-2980289,"西醫一般科,",23.963677,120.9718575,google_maps_result,醫療機構與人員基本資料,https://dep.mohw.gov.tw/doma/fp-4926-54415-106.html
medical,3538020506,安泰診所,南投縣埔里鎮,南投縣埔里鎮中正路460號,049-2987289,"西醫一般科,",23.966631099999997,120.9658173,google_maps_result,醫療機構與人員基本資料,https://dep.mohw.gov.tw/doma/fp-4926-54415-106.html
medical,2338020010,南投縣埔里鎮衛生所,南投縣埔里鎮,南投縣埔里鎮中山路二段256號,0492982157,"家庭醫學科,",23.9671117,120.9685859,google_maps_result,醫療機構與人員基本資料,https://dep.mohw.gov.tw/doma/fp-4926-54415-106.html
medical,3738021418,自然牙醫診所,南投縣埔里鎮,南投縣埔里鎮中山路三段341號1F,049-2918186,"牙醫一般科,",23.9688306,120.9565293,google_maps_result,醫療機構與人員基本資料,https://dep.mohw.gov.tw/doma/fp-4926-54415-106.html
medical,3838021287,首茗中醫診所,南投縣埔里鎮,南投縣埔里鎮東華路120號1樓,049-2985015,"中醫一般科,",23.9640268,120.96998719999999,google_maps_result,醫療機構與人員基本資料,https://dep.mohw.gov.tw/doma/fp-4926-54415-106.html
medical,3838021330,晟瑞中醫診所,南投縣埔里鎮,南投縣埔里鎮信義路335巷1號1樓,049-2989893,"中醫一般科,",23.9727244,120.9685586,google_maps_result,醫療機構與人員基本資料,https://dep.mohw.gov.tw/doma/fp-4926-54415-106.html
medical,3538022386,賴雅雲眼科診所(張大川聯合診所),南投縣埔里鎮,南投縣埔里鎮中山路三段89號1樓,049-2998980,"眼科,",23.966082399999998,120.9633283,google_maps_result,醫療機構與人員基本資料,https://dep.mohw.gov.tw/doma/fp-4926-54415-106.html
medical,3738021427,春日部牙醫診所,南投縣埔里鎮,南投縣埔里鎮清新里南興街258號1樓,049-2421292,"牙醫一般科,",23.9636799,120.9646789,google_maps_result,醫療機構與人員基本資料,https://dep.mohw.gov.tw/doma/fp-4926-54415-106.html
medical,3838021312,南華中醫診所,南投縣埔里鎮,南投縣埔里鎮中正路633、635號1樓,049-2916993,"中醫一般科,",23.9734409,120.9627561,google_maps_result,醫療機構與人員基本資料,https://dep.mohw.gov.tw/doma/fp-4926-54415-106.html
medical,3538022751,普仁診所,南投縣埔里鎮,南投縣埔里鎮一新里東峰路19號,049-2930373,"家庭醫學科,",24.0028221,120.94560399999999,google_maps_result,醫療機構與人員基本資料,https://dep.mohw.gov.tw/doma/fp-4926-54415-106.html
medical,3538022715,黃稚晴診所,南投縣埔里鎮,南投縣埔里鎮南昌街198號1樓,,"家庭醫學科,",23.9658037,120.96522929999999,google_maps_result,醫療機構與人員基本資料,https://dep.mohw.gov.tw/doma/fp-4926-54415-106.html
medical,3538022760,許瑞娟診所,南投縣埔里鎮,南投縣埔里鎮西安路一段80號,049-2990289,"家庭醫學科,",23.9655482,120.96594599999999,google_maps_result,醫療機構與人員基本資料,https://dep.mohw.gov.tw/doma/fp-4926-54415-106.html
medical,1138020015,埔基醫療財團法人埔里基督教醫院,南投縣埔里鎮,南投縣埔里鎮鐵山路一號,049-2912151,"家庭醫學科,內科,外科,兒科,婦產科,骨科,神經科,泌尿科,耳鼻喉科,眼科,皮膚科,精神科,復健科,麻醉科,放射診斷科,放射腫瘤科,解剖病理科,急診醫學科,整形外科,牙醫一般科,中醫一般科,",23.970487,120.9463085,google_maps_result,醫療機構與人員基本資料,https://dep.mohw.gov.tw/doma/fp-4926-54415-106.html
medical,3538020480,得恩診所,南投縣埔里鎮,南投縣埔里鎮中正一路１６２號,049-2986178,"西醫一般科,",23.9711641,120.9671934,google_maps_result,醫療機構與人員基本資料,https://dep.mohw.gov.tw/doma/fp-4926-54415-106.html
medical,3838020128,濟生中醫診所,南投縣埔里鎮,南投縣埔里鎮中正路４３５號,049-2900719,"中醫一般科,",23.9656342,120.96656759999999,google_maps_result,醫療機構與人員基本資料,https://dep.mohw.gov.tw/doma/fp-4926-54415-106.html
medical,3838021321,民生中醫診所,南投縣埔里鎮,南投縣埔里鎮民生路137號1樓,049-2423825,"中醫一般科,",23.9601382,120.96269919999999,google_maps_result,醫療機構與人員基本資料,https://dep.mohw.gov.tw/doma/fp-4926-54415-106.html
medical,3838021349,悠然中醫診所,南投縣埔里鎮,南投縣埔里鎮八德路378號1樓,0971623708,"中醫一般科,",23.9711379,120.963348,google_maps_result,醫療機構與人員基本資料,https://dep.mohw.gov.tw/doma/fp-4926-54415-106.html
medical,3538022804,廣菩診所,南投縣埔里鎮,南投縣埔里鎮北安里2鄰中山路二段140號1樓,2998077，0978-206323,"內科,",23.968814,120.971583,google_maps_result,醫療機構與人員基本資料,https://dep.mohw.gov.tw/doma/fp-4926-54415-106.html
medical,3838020119,十方中醫診所,南投縣埔里鎮,南投縣埔里鎮西安路一段333號1樓,049-2996279,"中醫一般科,",23.973075599999998,120.969504,google_maps_result,醫療機構與人員基本資料,https://dep.mohw.gov.tw/doma/fp-4926-54415-106.html
medical,3838021161,大眾中醫診所,南投縣埔里鎮,南投縣埔里鎮南昌街202號,049-2995333,"中醫一般科,",23.965847399999998,120.965226,google_maps_result,醫療機構與人員基本資料,https://dep.mohw.gov.tw/doma/fp-4926-54415-106.html
medical,3838021223,元濟中醫診所,南投縣埔里鎮,南投縣埔里鎮八德路243號1樓,049-2906386,"中醫一般科,",23.9713615,120.966867,google_maps_result,醫療機構與人員基本資料,https://dep.mohw.gov.tw/doma/fp-4926-54415-106.html
medical,3838021241,普仁中醫診所,南投縣埔里鎮,南投縣埔里鎮東峰路19號,049-2930373,"中醫一般科,",24.0028221,120.94560399999999,google_maps_result,醫療機構與人員基本資料,https://dep.mohw.gov.tw/doma/fp-4926-54415-106.html
medical,3538022564,李振明診所,南投縣埔里鎮,南投縣埔里鎮中山路二段355號,049-2991151,"兒科,",23.9639571,120.96640099999999,google_maps_result,醫療機構與人員基本資料,https://dep.mohw.gov.tw/doma/fp-4926-54415-106.html
medical,3838021278,裕生中醫診所,南投縣埔里鎮,南投縣埔里鎮四維路26-1號1樓,049-2423232,"中醫一般科,",23.9641342,120.97096289999999,google_maps_result,醫療機構與人員基本資料,https://dep.mohw.gov.tw/doma/fp-4926-54415-106.html
medical,3738021338,全民牙醫診所,南投縣埔里鎮,南投縣埔里鎮中山路三段９２號,049-2994577,"牙醫一般科,",23.9661598,120.9634385,google_maps_result,醫療機構與人員基本資料,https://dep.mohw.gov.tw/doma/fp-4926-54415-106.html
medical,3538020211,呂外科診所,南投縣埔里鎮,南投縣埔里鎮中山路二段３３１號,049-2982030,"家庭醫學科,外科,",23.964613699999997,120.96688959999999,google_maps_result,醫療機構與人員基本資料,https://dep.mohw.gov.tw/doma/fp-4926-54415-106.html
medical,3838021198,隆昇中醫診所,南投縣埔里鎮,南投縣埔里鎮隆生路81號,049-2998003,"中醫一般科,",23.9598975,120.9679214,google_maps_result,醫療機構與人員基本資料,https://dep.mohw.gov.tw/doma/fp-4926-54415-106.html
medical,3538022485,金生診所,南投縣埔里鎮,南投縣埔里鎮西安路一段88號,049-2423799,"內科,",23.965682299999997,120.96613389999999,google_maps_result,醫療機構與人員基本資料,https://dep.mohw.gov.tw/doma/fp-4926-54415-106.html
medical,3538022635,惠承診所,南投縣埔里鎮,南投縣埔里鎮和平東路417號1樓,049-2420453,"西醫一般科,",23.970940499999998,120.97687169999999,google_maps_result,醫療機構與人員基本資料,https://dep.mohw.gov.tw/doma/fp-4926-54415-106.html
medical,3538022680,維美診所,南投縣埔里鎮,南投縣埔里鎮信義路1041號1樓,,"西醫一般科,",23.9708714,120.95664459999999,google_maps_result,醫療機構與人員基本資料,https://dep.mohw.gov.tw/doma/fp-4926-54415-106.html
medical,3538020524,陳立強診所,南投縣埔里鎮,南投縣埔里鎮中正路431號,049-2903127,"家庭醫學科,",23.9655028,120.966736,google_maps_result,醫療機構與人員基本資料,https://dep.mohw.gov.tw/doma/fp-4926-54415-106.html
medical,3538022733,悅心診所,南投縣埔里鎮,南投縣埔里鎮中華路194號1樓,049-2918891,"西醫一般科,",23.9700845,120.9729855,google_maps_result,醫療機構與人員基本資料,https://dep.mohw.gov.tw/doma/fp-4926-54415-106.html
medical,3538022215,芸通耳鼻喉科診所,南投縣埔里鎮,南投縣埔里鎮南昌街232號,049-2996790,"耳鼻喉科,",23.966764899999998,120.9642914,google_maps_result,醫療機構與人員基本資料,https://dep.mohw.gov.tw/doma/fp-4926-54415-106.html
medical,0638020014,臺中榮民總醫院埔里分院,南投縣埔里鎮,南投縣埔里鎮蜈蚣里榮光路1號,049-2998911,"家庭醫學科,內科,外科,兒科,婦產科,骨科,神經科,神經外科,泌尿科,耳鼻喉科,眼科,精神科,復健科,麻醉科,放射診斷科,急診醫學科,職業醫學科,牙醫一般科,中醫一般科,",23.975811999999998,120.99580239999999,google_maps_result,醫療機構與人員基本資料,https://dep.mohw.gov.tw/doma/fp-4926-54415-106.html
medical,3838021303,平安中醫診所,南投縣埔里鎮,南投縣埔里鎮八德路12-2號,049-2930200,"中醫一般科,",23.971557,120.97111299999999,google_maps_result,醫療機構與人員基本資料,https://dep.mohw.gov.tw/doma/fp-4926-54415-106.html
medical,3538020293,王婦產科診所,南投縣埔里鎮,南投縣埔里鎮西康路64號,049-2983033,"婦產科,",23.9660069,120.96459499999999,google_maps_result,醫療機構與人員基本資料,https://dep.mohw.gov.tw/doma/fp-4926-54415-106.html
medical,3538022537,陳宏麟診所,南投縣埔里鎮,南投縣埔里鎮南門里南昌街221號1樓,049-2900303,"家庭醫學科,西醫一般科,",23.9664708,120.96434339999999,google_maps_result,醫療機構與人員基本資料,https://dep.mohw.gov.tw/doma/fp-4926-54415-106.html
medical,3538022662,晨洋診所,南投縣埔里鎮,南投縣埔里鎮忠孝路300號1樓,049-2424452,"家庭醫學科,",23.965380999999997,120.97385779999999,google_maps_result,醫療機構與人員基本資料,https://dep.mohw.gov.tw/doma/fp-4926-54415-106.html
medical,3538022788,育成診所,南投縣埔里鎮,南投縣埔里鎮南昌街196號1樓,049-2996988,"外科,",23.9658174,120.9653175,google_maps_result,醫療機構與人員基本資料,https://dep.mohw.gov.tw/doma/fp-4926-54415-106.html
medical,3538022242,黎俊奇診所,南投縣埔里鎮,南投縣埔里鎮中正路464號,049-2990941,"西醫一般科,",23.9667913,120.96584829999999,google_maps_result,醫療機構與人員基本資料,https://dep.mohw.gov.tw/doma/fp-4926-54415-106.html
medical,3538022251,新仁愛診所,南投縣埔里鎮,南投縣埔里鎮中正路427號,049-2911960,"家庭醫學科,",23.9655022,120.9667353,google_maps_result,醫療機構與人員基本資料,https://dep.mohw.gov.tw/doma/fp-4926-54415-106.html
medical,3538022260,安杏診所,南投縣埔里鎮,南投縣埔里鎮中山路三段100號,049-2980445,"家庭醫學科,",23.966343,120.96324399999999,google_maps_result,醫療機構與人員基本資料,https://dep.mohw.gov.tw/doma/fp-4926-54415-106.html
medical,3738020180,東海牙醫診所,南投縣埔里鎮,南投縣埔里鎮信義路３５６號,049-2906196,"牙醫一般科,",23.973439,120.968143,google_maps_result,醫療機構與人員基本資料,https://dep.mohw.gov.tw/doma/fp-4926-54415-106.html
medical,3738020064,永昇牙醫診所,南投縣埔里鎮,南投縣埔里鎮中山路二段３３６號,049-2955111,"牙醫一般科,",23.9648705,120.9668286,google_maps_result,醫療機構與人員基本資料,https://dep.mohw.gov.tw/doma/fp-4926-54415-106.html
medical,4238020010,醫療財團法人台灣血液基金會台中捐血中心埔里捐血站,南投縣埔里鎮,南投縣埔里鎮北環路222號,049981019,"西醫一般科,",23.970554099999998,120.967765,google_maps_result,醫療機構與人員基本資料,https://dep.mohw.gov.tw/doma/fp-4926-54415-106.html
medical,3538020435,慶生婦產科診所,南投縣埔里鎮,南投縣埔里鎮中正路452號,049-2985855,"婦產科,",23.966482799999998,120.9659904,google_maps_result,醫療機構與人員基本資料,https://dep.mohw.gov.tw/doma/fp-4926-54415-106.html
medical,3538022653,惠安診所,南投縣埔里鎮,南投縣埔里鎮西安路一段70號1.2F,049-2902467,"西醫一般科,",23.9651925,120.9656388,google_maps_result,醫療機構與人員基本資料,https://dep.mohw.gov.tw/doma/fp-4926-54415-106.html
medical,3738021383,普仁牙醫診所,南投縣埔里鎮,南投縣埔里鎮東峰路19號,049-2930373,"牙醫一般科,",24.0028221,120.94560399999999,google_maps_result,醫療機構與人員基本資料,https://dep.mohw.gov.tw/doma/fp-4926-54415-106.html
medical,3538020613,祐安小兒科診所,南投縣埔里鎮,南投縣埔里鎮中正路395號1F,049-2997752,"兒科,",23.964686,120.9677279,google_maps_result,醫療機構與人員基本資料,https://dep.mohw.gov.tw/doma/fp-4926-54415-106.html
medical,3838020146,福康中醫診所,南投縣埔里鎮,南投縣埔里鎮中山路二段79號,049-2997879,"中醫一般科,",23.970340999999998,120.9751179,google_maps_result,醫療機構與人員基本資料,https://dep.mohw.gov.tw/doma/fp-4926-54415-106.html
medical,3738020206,聖惠牙醫診所,南投縣埔里鎮,南投縣埔里鎮南興街243號,049-2997376,"牙醫一般科,",23.9633403,120.9647114,google_maps_result,醫療機構與人員基本資料,https://dep.mohw.gov.tw/doma/fp-4926-54415-106.html
medical,3738020224,懷恩牙醫診所,南投縣埔里鎮,南投縣埔里鎮東門里東榮路202號,049-2983347,"牙醫一般科,",23.9655398,120.96979139999999,google_maps_result,醫療機構與人員基本資料,https://dep.mohw.gov.tw/doma/fp-4926-54415-106.html
medical,3738020233,成安牙醫診所,南投縣埔里鎮,南投縣埔里鎮忠孝路３5 3號,049-2999802,"牙醫一般科,",23.965143599999998,120.97581819999999,google_maps_result,醫療機構與人員基本資料,https://dep.mohw.gov.tw/doma/fp-4926-54415-106.html
medical,3738020260,東華牙醫診所,南投縣埔里鎮,南投縣埔里鎮東華路７７號,049-2980994,"牙醫一般科,",23.9630248,120.9686,google_maps_result,醫療機構與人員基本資料,https://dep.mohw.gov.tw/doma/fp-4926-54415-106.html
medical,3738020279,中心牙醫診所,南投縣埔里鎮,南投縣埔里鎮中山路二段１３３之１號１Ｆ,049-2420555,"牙醫一般科,",23.969065699999998,120.97282109999999,google_maps_result,醫療機構與人員基本資料,https://dep.mohw.gov.tw/doma/fp-4926-54415-106.html
medical,3538020588,人安內科診所,南投縣埔里鎮,南投縣埔里鎮中正路402號,049-2992070,"內科,",23.9648276,120.9678491,google_maps_result,醫療機構與人員基本資料,https://dep.mohw.gov.tw/doma/fp-4926-54415-106.html
medical,3538020604,聖光小兒科診所,南投縣埔里鎮,南投縣埔里鎮南昌街160號,049-2988099,"兒科,",23.9650493,120.96618369999999,google_maps_result,醫療機構與人員基本資料,https://dep.mohw.gov.tw/doma/fp-4926-54415-106.html
medical,3538021674,昱安復健科診所,南投縣埔里鎮,南投縣埔里鎮中山路三段39號,049-2422477,"復健科,",23.9653165,120.9641338,google_maps_result,醫療機構與人員基本資料,https://dep.mohw.gov.tw/doma/fp-4926-54415-106.html
medical,3538022171,長榮診所,南投縣埔里鎮,南投縣埔里鎮忠孝路329號,049-2994830,"兒科,",23.965111,120.9752,google_maps_result,醫療機構與人員基本資料,https://dep.mohw.gov.tw/doma/fp-4926-54415-106.html
medical,3538022199,莊眼科診所,南投縣埔里鎮,南投縣埔里鎮中山路二段349號,049-2420623,"眼科,",23.9642353,120.96638569999999,google_maps_result,醫療機構與人員基本資料,https://dep.mohw.gov.tw/doma/fp-4926-54415-106.html
medical,3538022233,劉春輝診所,南投縣埔里鎮,南投縣埔里鎮南昌街190號,049-2999197,"西醫一般科,",23.965708799999998,120.9653833,google_maps_result,醫療機構與人員基本資料,https://dep.mohw.gov.tw/doma/fp-4926-54415-106.html
medical,3538022322,李眼科診所,南投縣埔里鎮,南投縣埔里鎮中山路2段182號1樓,0492420606,"眼科,",23.968256099999998,120.97073239999999,google_maps_result,醫療機構與人員基本資料,https://dep.mohw.gov.tw/doma/fp-4926-54415-106.html
medical,3538022331,安麗小兒科內科診所,南投縣埔里鎮,南投縣埔里鎮中山路二段262號,049-2991030,"內科,兒科,",23.966535999999998,120.9686388,google_maps_result,醫療機構與人員基本資料,https://dep.mohw.gov.tw/doma/fp-4926-54415-106.html
medical,3538022359,台大建村皮膚科診所,南投縣埔里鎮,南投縣埔里鎮中華路250號1F,049-2906112,"皮膚科,",23.9715238,120.9720387,google_maps_result,醫療機構與人員基本資料,https://dep.mohw.gov.tw/doma/fp-4926-54415-106.html
medical,3538022395,張大川耳鼻喉科診所(張大川聯合診所),南投縣埔里鎮,南投縣埔里鎮中山路三段87號1樓,049-2998980,"耳鼻喉科,",23.966062599999997,120.96329809999999,google_maps_result,醫療機構與人員基本資料,https://dep.mohw.gov.tw/doma/fp-4926-54415-106.html
medical,3538022411,幸生診所,南投縣埔里鎮,南投縣埔里鎮中山路二段247之1號,049-2906668,"家庭醫學科,",23.9663456,120.9687391,google_maps_result,醫療機構與人員基本資料,https://dep.mohw.gov.tw/doma/fp-4926-54415-106.html
medical,3538022466,慈惠診所,南投縣埔里鎮,南投縣埔里鎮西安路一段126號,049-2996996,"西醫一般科,",23.9685272,120.9659099,google_maps_result,醫療機構與人員基本資料,https://dep.mohw.gov.tw/doma/fp-4926-54415-106.html
medical,3538022742,日光診所,南投縣埔里鎮,南投縣埔里鎮忠孝路31號1樓,049-2992536,"西醫一般科,",23.9609433,120.96866589999999,google_maps_result,醫療機構與人員基本資料,https://dep.mohw.gov.tw/doma/fp-4926-54415-106.html
medical,3838021232,智全中醫診所,南投縣埔里鎮,南投縣埔里鎮南興街297號,2424245,"中醫一般科,",23.9642537,120.96368059999999,google_maps_result,醫療機構與人員基本資料,https://dep.mohw.gov.tw/doma/fp-4926-54415-106.html
medical,3538022340,錫安診所,南投縣埔里鎮,南投縣埔里鎮北辰街119號1樓,049-2999907,"復健科,",23.967754,120.96751929999999,google_maps_result,醫療機構與人員基本資料,https://dep.mohw.gov.tw/doma/fp-4926-54415-106.html
medical,3538022779,郭佳隴診所,南投縣埔里鎮,南投縣埔里鎮中正路563號1樓,049-2989448,"泌尿科,",23.9714308,120.96344099999999,google_maps_result,醫療機構與人員基本資料,https://dep.mohw.gov.tw/doma/fp-4926-54415-106.html
medical,3538022797,新興小兒科診所,南投縣埔里鎮,南投縣埔里鎮中山路二段135-1號1樓,0930942928,"兒科,",23.969082999999998,120.9726195,google_maps_result,醫療機構與人員基本資料,https://dep.mohw.gov.tw/doma/fp-4926-54415-106.html
medical,3838020100,施治寰中醫診所,南投縣埔里鎮,南投縣埔里鎮南昌街１８３號,049-2906847,"中醫一般科,",23.9655328,120.9653273,google_maps_result,醫療機構與人員基本資料,https://dep.mohw.gov.tw/doma/fp-4926-54415-106.html
medical,3838020075,冠雲中醫診所,南投縣埔里鎮,南投縣埔里鎮中山路二段３５１號,049-2987150,"中醫一般科,",23.964289899999997,120.96663079999999,google_maps_result,醫療機構與人員基本資料,https://dep.mohw.gov.tw/doma/fp-4926-54415-106.html
medical,3738021409,麗緻牙醫診所,南投縣埔里鎮,南投縣埔里鎮西門里中正路432-2號1、2樓,049-2900606,"牙醫一般科,",23.9659683,120.9667291,google_maps_result,醫療機構與人員基本資料,https://dep.mohw.gov.tw/doma/fp-4926-54415-106.html
medical,3738021394,埔渼牙醫診所,南投縣埔里鎮,南投縣埔里鎮中華路77號,049-2998600,"牙醫一般科,",23.9666903,120.9740466,google_maps_result,醫療機構與人員基本資料,https://dep.mohw.gov.tw/doma/fp-4926-54415-106.html
medical,3738020073,名家牙醫診所,南投縣埔里鎮,南投縣埔里鎮東榮路82號,049-2901585,"牙醫一般科,",23.9631989,120.967191,google_maps_result,醫療機構與人員基本資料,https://dep.mohw.gov.tw/doma/fp-4926-54415-106.html
medical,3738020171,仁仲牙醫診所,南投縣埔里鎮,南投縣埔里鎮東華路９4號,049-2988671,"牙醫一般科,",23.9631658,120.96902469999999,google_maps_result,醫療機構與人員基本資料,https://dep.mohw.gov.tw/doma/fp-4926-54415-106.html
medical,3738030113,大權牙醫診所,南投縣草屯鎮,南投縣草屯鎮明正 里忠孝街408號,049-2327989,"牙醫一般科,",23.984658,120.6812921,google_maps_result,醫療機構與人員基本資料,https://dep.mohw.gov.tw/doma/fp-4926-54415-106.html
medical,0138030010,衛生福利部草屯療養院,南投縣草屯鎮,南投縣草屯鎮玉屏路１６１號,049-2550800,"內科,精神科,",23.989882299999998,120.7045641,google_maps_result,醫療機構與人員基本資料,https://dep.mohw.gov.tw/doma/fp-4926-54415-106.html
medical,3838031498,豐本中醫診所,南投縣草屯鎮,南投縣草屯鎮碧山路18號1樓,049-2338895,"中醫一般科,",23.9779739,120.6873581,google_maps_result,醫療機構與人員基本資料,https://dep.mohw.gov.tw/doma/fp-4926-54415-106.html
medical,3738031478,文華牙醫診所,南投縣草屯鎮,南投縣草屯鎮中山里草溪路1049號,049-2320999,"牙醫一般科,",23.9776542,120.6817411,google_maps_result,醫療機構與人員基本資料,https://dep.mohw.gov.tw/doma/fp-4926-54415-106.html
medical,3738030195,弘泰安牙醫診所,南投縣草屯鎮,南投縣草屯鎮中正路１５１６號,049-2560570,"牙醫一般科,",23.998925999999997,120.6902339,google_maps_result,醫療機構與人員基本資料,https://dep.mohw.gov.tw/doma/fp-4926-54415-106.html
medical,3538033227,惠家診所,南投縣草屯鎮,南投縣草屯鎮平等街169號,049-2321188,"內科,",23.984673299999997,120.68551289999999,google_maps_result,醫療機構與人員基本資料,https://dep.mohw.gov.tw/doma/fp-4926-54415-106.html
medical,3838031685,元真中醫診所,南投縣草屯鎮,南投縣草屯鎮東美街105號1樓,049-2381153,"中醫一般科,",23.9810597,120.68537239999999,google_maps_result,醫療機構與人員基本資料,https://dep.mohw.gov.tw/doma/fp-4926-54415-106.html
medical,3838031667,草屯長庚中醫診所,南投縣草屯鎮,南投縣草屯鎮芬草路一段30、32號1樓,049-2380666,"中醫一般科,",23.982606999999998,120.68400109999999,google_maps_result,醫療機構與人員基本資料,https://dep.mohw.gov.tw/doma/fp-4926-54415-106.html
medical,3538033218,安心復健科診所,南投縣草屯鎮,南投縣草屯鎮中興路138號1~2樓,049-2333874,"復健科,",23.9740194,120.6840713,google_maps_result,醫療機構與人員基本資料,https://dep.mohw.gov.tw/doma/fp-4926-54415-106.html
medical,3538033236,加州美學診所,南投縣草屯鎮,南投縣草屯鎮虎山路535號1樓,0928-467696,"西醫一般科,",23.9699994,120.6868298,google_maps_result,醫療機構與人員基本資料,https://dep.mohw.gov.tw/doma/fp-4926-54415-106.html
medical,3838030277,佳仁堂中醫診所,南投縣草屯鎮,南投縣草屯鎮中正路685、687號1F,049-2320938,"中醫一般科,",23.9797388,120.68422899999999,google_maps_result,醫療機構與人員基本資料,https://dep.mohw.gov.tw/doma/fp-4926-54415-106.html
medical,3538032926,尚德診所,南投縣草屯鎮,南投縣草屯鎮自由街134巷24號1F,,"西醫一般科,",23.9846124,120.68496359999999,google_maps_result,醫療機構與人員基本資料,https://dep.mohw.gov.tw/doma/fp-4926-54415-106.html
medical,3738030211,簡仲謀牙醫診所,南投縣草屯鎮,南投縣草屯鎮虎山路５２２號,049-2335156,"牙醫一般科,",23.969428999999998,120.6871446,google_maps_result,醫療機構與人員基本資料,https://dep.mohw.gov.tw/doma/fp-4926-54415-106.html
medical,3538030968,蔡文雄診所,南投縣草屯鎮,南投縣草屯鎮富昌路２－１號,049-2569085,"家庭醫學科,",23.9784185,120.6974853,google_maps_result,醫療機構與人員基本資料,https://dep.mohw.gov.tw/doma/fp-4926-54415-106.html
medical,3538033094,品康耳鼻喉科診所,南投縣草屯鎮,南投縣草屯鎮和平里育英街200號,049-2333100,"耳鼻喉科,西醫一般科,",23.9768646,120.6835591,google_maps_result,醫療機構與人員基本資料,https://dep.mohw.gov.tw/doma/fp-4926-54415-106.html
medical,3538033003,佳佳診所,南投縣草屯鎮,南投縣草屯鎮平和里明賢街66號,049-2313315,"西醫一般科,",23.975863999999998,120.683252,google_maps_result,醫療機構與人員基本資料,https://dep.mohw.gov.tw/doma/fp-4926-54415-106.html
medical,3538030520,育英診所,南投縣草屯鎮,南投縣草屯鎮和興三街２４號,049-2367696,"西醫一般科,",23.976213899999998,120.68466509999999,google_maps_result,醫療機構與人員基本資料,https://dep.mohw.gov.tw/doma/fp-4926-54415-106.html
medical,3738030131,保和牙醫診所,南投縣草屯鎮,南投縣草屯鎮虎山路122號,049-2365841,"牙醫一般科,",23.9604976,120.68548039999999,google_maps_result,醫療機構與人員基本資料,https://dep.mohw.gov.tw/doma/fp-4926-54415-106.html
medical,3838031434,鴻濟中醫診所,南投縣草屯鎮,南投縣草屯鎮碧山南路112-1號,,"中醫一般科,",23.978251999999998,120.67835799999999,google_maps_result,醫療機構與人員基本資料,https://dep.mohw.gov.tw/doma/fp-4926-54415-106.html
medical,3538030422,張國治耳鼻喉科診所,南投縣草屯鎮,南投縣草屯鎮中山街２７５號,049-362665,"耳鼻喉科,",23.9798419,120.68307689999999,google_maps_result,醫療機構與人員基本資料,https://dep.mohw.gov.tw/doma/fp-4926-54415-106.html
medical,3538033165,王診所,南投縣草屯鎮,南投縣草屯鎮太平路二段231號,049-2326706,"家庭醫學科,",23.9747249,120.68345699999999,google_maps_result,醫療機構與人員基本資料,https://dep.mohw.gov.tw/doma/fp-4926-54415-106.html
medical,3738031405,宏駿牙醫診所,南投縣草屯鎮,南投縣草屯鎮芬草路一段129號,049-2318666,"牙醫一般科,",23.983881399999998,120.68241069999999,google_maps_result,醫療機構與人員基本資料,https://dep.mohw.gov.tw/doma/fp-4926-54415-106.html
medical,3838031354,聖明中醫診所,南投縣草屯鎮,南投縣草屯鎮碧山南路30號,049-2302979,"中醫一般科,",23.978187,120.68087999999999,google_maps_result,醫療機構與人員基本資料,https://dep.mohw.gov.tw/doma/fp-4926-54415-106.html
medical,3838030071,蒼生中醫診所,南投縣草屯鎮,南投縣草屯鎮草溪路９５９號,049-2334747,"中醫一般科,",23.9850815,120.6778681,google_maps_result,醫療機構與人員基本資料,https://dep.mohw.gov.tw/doma/fp-4926-54415-106.html
medical,3538032855,陳宏源診所,南投縣草屯鎮,南投縣草屯鎮太平路一段445號,049-2331718,"外科,骨科,",23.9664656,120.68214669999999,google_maps_result,醫療機構與人員基本資料,https://dep.mohw.gov.tw/doma/fp-4926-54415-106.html
medical,3738031469,信安牙醫診所,南投縣草屯鎮,南投縣草屯鎮中山街281號,049-2333609,"牙醫一般科,",23.9799015,120.68308999999999,google_maps_result,醫療機構與人員基本資料,https://dep.mohw.gov.tw/doma/fp-4926-54415-106.html
medical,3538031107,草屯陳診所,南投縣草屯鎮,南投縣草屯鎮太平路二段２２８號1-2樓,049-2380295,"內科,",23.976018399999997,120.68396129999999,google_maps_result,醫療機構與人員基本資料,https://dep.mohw.gov.tw/doma/fp-4926-54415-106.html
medical,3538030860,仁民診所,南投縣草屯鎮,南投縣草屯鎮虎山路１２６號,049-2370526,"西醫一般科,",23.960853699999998,120.685437,google_maps_result,醫療機構與人員基本資料,https://dep.mohw.gov.tw/doma/fp-4926-54415-106.html
medical,3538030922,林俊杰小兒科診所,南投縣草屯鎮,南投縣草屯鎮中山街195號,049-2306678,"兒科,",23.978254399999997,120.6827943,google_maps_result,醫療機構與人員基本資料,https://dep.mohw.gov.tw/doma/fp-4926-54415-106.html
medical,3738031432,匡美牙醫診所,南投縣草屯鎮,南投縣草屯鎮中正路567之3號,049-2569847,"牙醫一般科,",23.9789796,120.69866739999999,google_maps_result,醫療機構與人員基本資料,https://dep.mohw.gov.tw/doma/fp-4926-54415-106.html
medical,3738031450,仁德牙醫診所,南投縣草屯鎮,南投縣草屯鎮碧山路634號,049-2381000,"牙醫一般科,",23.978026,120.67492639999999,google_maps_result,醫療機構與人員基本資料,https://dep.mohw.gov.tw/doma/fp-4926-54415-106.html
medical,3838031372,洪日宏中醫診所,南投縣草屯鎮,南投縣草屯鎮太平路一段503號,049-2339387,"中醫一般科,",23.967731999999998,120.682441,google_maps_result,醫療機構與人員基本資料,https://dep.mohw.gov.tw/doma/fp-4926-54415-106.html
medical,3838031416,王崇儒中醫診所,南投縣草屯鎮,南投縣草屯鎮中興路379號,049-2328937,"中醫一般科,",23.9758162,120.68882169999999,google_maps_result,醫療機構與人員基本資料,https://dep.mohw.gov.tw/doma/fp-4926-54415-106.html
medical,3838031452,宏昌中醫診所,南投縣草屯鎮,南投縣草屯鎮虎山路827號,049-2380168,"中醫一般科,",23.9761629,120.6857697,google_maps_result,醫療機構與人員基本資料,https://dep.mohw.gov.tw/doma/fp-4926-54415-106.html
medical,3838031461,永安中醫診所,南投縣草屯鎮,南投縣草屯鎮明賢街一段28號,,"中醫一般科,",23.9755313,120.68691989999999,google_maps_result,醫療機構與人員基本資料,https://dep.mohw.gov.tw/doma/fp-4926-54415-106.html
medical,3538030244,洪明本婦產科診所,南投縣草屯鎮,南投縣草屯鎮虎山路897號,049-2334277,"婦產科,",23.978264,120.68571499999999,google_maps_result,醫療機構與人員基本資料,https://dep.mohw.gov.tw/doma/fp-4926-54415-106.html
medical,3538030904,寶仁復健科診所,南投縣草屯鎮,南投縣草屯鎮草溪路993號1至2樓,049-2304666,"復健科,",23.9765306,120.6812994,google_maps_result,醫療機構與人員基本資料,https://dep.mohw.gov.tw/doma/fp-4926-54415-106.html
medical,3738030275,林牙醫診所,南投縣草屯鎮,南投縣草屯鎮虎山路１３４號,049-2317523,"牙醫一般科,",23.9609041,120.6854072,google_maps_result,醫療機構與人員基本資料,https://dep.mohw.gov.tw/doma/fp-4926-54415-106.html
medical,3738031530,沐熙牙醫診所,南投縣草屯鎮,南投縣草屯鎮芬草路一段177號1樓、2樓,049-2365815,"牙醫一般科,",23.9852156,120.68096299999999,google_maps_result,醫療機構與人員基本資料,https://dep.mohw.gov.tw/doma/fp-4926-54415-106.html
medical,3738031487,益泉牙醫診所,南投縣草屯鎮,南投縣草屯鎮和興三街20號1樓,049-2301796,"牙醫一般科,",23.9761892,120.68466249999999,google_maps_result,醫療機構與人員基本資料,https://dep.mohw.gov.tw/doma/fp-4926-54415-106.html
medical,1538031114,惠和醫院,南投縣草屯鎮,南投縣草屯鎮平等街140號,049-2321188,"家庭醫學科,內科,外科,復健科,中醫一般科,",23.9847733,120.6859284,google_maps_result,醫療機構與人員基本資料,https://dep.mohw.gov.tw/doma/fp-4926-54415-106.html
medical,3838031658,向陽中醫診所,南投縣草屯鎮,南投縣草屯鎮富中路198號1樓,2566128,"中醫一般科,",23.9736795,120.7043853,google_maps_result,醫療機構與人員基本資料,https://dep.mohw.gov.tw/doma/fp-4926-54415-106.html
medical,3838031470,開明堂中醫診所,南投縣草屯鎮,南投縣草屯鎮太平路一段460號1.2樓,0492393299,"中醫一般科,",23.967349799999997,120.6826603,google_maps_result,醫療機構與人員基本資料,https://dep.mohw.gov.tw/doma/fp-4926-54415-106.html
medical,3738030051,勝美牙醫診所,南投縣草屯鎮,南投縣草屯鎮青雲街３２號,049-2330231,"牙醫一般科,",23.979792999999997,120.68588,google_maps_result,醫療機構與人員基本資料,https://dep.mohw.gov.tw/doma/fp-4926-54415-106.html
medical,3738030088,育全牙醫診所,南投縣草屯鎮,南投縣草屯鎮中山街１７７號,049-2314369,"牙醫一般科,",23.977696899999998,120.6827199,google_maps_result,醫療機構與人員基本資料,https://dep.mohw.gov.tw/doma/fp-4926-54415-106.html
medical,3738030097,森洲牙醫診所,南投縣草屯鎮,南投縣草屯鎮建國街２９號,049-2313090,"牙醫一般科,",23.9798242,120.68533049999999,google_maps_result,醫療機構與人員基本資料,https://dep.mohw.gov.tw/doma/fp-4926-54415-106.html
medical,3738030122,林政德牙醫診所,南投縣草屯鎮,南投縣草屯鎮虎山路７９０號,049-2355178,"牙醫一般科,",23.976231,120.685983,google_maps_result,醫療機構與人員基本資料,https://dep.mohw.gov.tw/doma/fp-4926-54415-106.html
medical,3738030159,白牙醫診所,南投縣草屯鎮,南投縣草屯鎮太平路二段２００號,049-2336730,"牙醫一般科,",23.9740579,120.68361589999999,google_maps_result,醫療機構與人員基本資料,https://dep.mohw.gov.tw/doma/fp-4926-54415-106.html
medical,3738030168,泰誠牙醫診所,南投縣草屯鎮,南投縣草屯鎮中正路６27號,049-2356921,"牙醫一般科,",23.97891,120.685299,google_maps_result,醫療機構與人員基本資料,https://dep.mohw.gov.tw/doma/fp-4926-54415-106.html
medical,3738030202,安麗牙醫診所,南投縣草屯鎮,南投縣草屯鎮山腳里新富路159號,049-2319519,"牙醫一般科,",23.9692138,120.68351279999999,google_maps_result,醫療機構與人員基本資料,https://dep.mohw.gov.tw/doma/fp-4926-54415-106.html
medical,3738030266,上揚牙醫診所,南投縣草屯鎮,南投縣草屯鎮碧山南路42號,049-2355697,"牙醫一般科,",23.978219,120.68002299999999,google_maps_result,醫療機構與人員基本資料,https://dep.mohw.gov.tw/doma/fp-4926-54415-106.html
medical,3738030346,江舜生牙醫診所,南投縣草屯鎮,南投縣草屯鎮東美街105號3樓,049-2380380,"牙醫一般科,",23.9810597,120.68537239999999,google_maps_result,醫療機構與人員基本資料,https://dep.mohw.gov.tw/doma/fp-4926-54415-106.html
medical,3738031361,聖恩牙醫診所,南投縣草屯鎮,南投縣草屯鎮中正路638號,049-2333131,"牙醫一般科,",23.9791259,120.6848845,google_maps_result,醫療機構與人員基本資料,https://dep.mohw.gov.tw/doma/fp-4926-54415-106.html
medical,3738031389,巧傑牙醫診所,南投縣草屯鎮,南投縣草屯鎮虎山路825號,049-2354066,"牙醫一般科,",23.976123899999997,120.6857703,google_maps_result,醫療機構與人員基本資料,https://dep.mohw.gov.tw/doma/fp-4926-54415-106.html
medical,3738031398,展維牙醫診所,南投縣草屯鎮,南投縣草屯鎮中正路747號,049-2302233,"牙醫一般科,",23.981154999999998,120.68441,google_maps_result,醫療機構與人員基本資料,https://dep.mohw.gov.tw/doma/fp-4926-54415-106.html
medical,3538032935,吳英滄診所,南投縣草屯鎮,南投縣草屯鎮太平路二段93、95號1樓,049-2326989,"內科,",23.9715618,120.6830402,google_maps_result,醫療機構與人員基本資料,https://dep.mohw.gov.tw/doma/fp-4926-54415-106.html
medical,3538032971,群和診所,南投縣草屯鎮,南投縣草屯鎮新豐路728巷36號1F,049-2353197,"復健科,",24.003379799999998,120.67909999999999,google_maps_result,醫療機構與人員基本資料,https://dep.mohw.gov.tw/doma/fp-4926-54415-106.html
medical,3538033012,洪瑞成小兒科診所,南投縣草屯鎮,南投縣草屯鎮中山街36號及38號1F,049-2323151,"兒科,",23.9750671,120.6826093,google_maps_result,醫療機構與人員基本資料,https://dep.mohw.gov.tw/doma/fp-4926-54415-106.html
medical,3538032159,英全診所,南投縣草屯鎮,南投縣草屯鎮炎峰街14-2號,,"西醫一般科,",23.979882999999997,120.6864909,google_maps_result,醫療機構與人員基本資料,https://dep.mohw.gov.tw/doma/fp-4926-54415-106.html
medical,3538032748,草鞋墩神經外科診所,南投縣草屯鎮,南投縣草屯鎮太平路二段28號1.2樓,049-2306989,"神經外科,",23.9701377,120.6831031,google_maps_result,醫療機構與人員基本資料,https://dep.mohw.gov.tw/doma/fp-4926-54415-106.html
medical,3538032793,聖方小兒科診所,南投縣草屯鎮,南投縣草屯鎮碧山南路21號1樓,049-2307728,"兒科,",23.9779767,120.68110999999999,google_maps_result,醫療機構與人員基本資料,https://dep.mohw.gov.tw/doma/fp-4926-54415-106.html
medical,3538032800,姚美輝骨科外科診所,南投縣草屯鎮,南投縣草屯鎮太平路二段207號,049-2307369,"外科,骨科,",23.973708,120.6832834,google_maps_result,醫療機構與人員基本資料,https://dep.mohw.gov.tw/doma/fp-4926-54415-106.html
medical,3538032837,小太陽小兒科診所,南投縣草屯鎮,南投縣草屯鎮虎山路786號,,"兒科,",23.9761432,120.6859896,google_maps_result,醫療機構與人員基本資料,https://dep.mohw.gov.tw/doma/fp-4926-54415-106.html
medical,3538030771,簡國仁診所,南投縣草屯鎮,南投縣草屯鎮中山街184號,049-2333464,"家庭醫學科,",23.977799599999997,120.6829533,google_maps_result,醫療機構與人員基本資料,https://dep.mohw.gov.tw/doma/fp-4926-54415-106.html
medical,3538030815,現代眼科診所,南投縣草屯鎮,南投縣草屯鎮中正路602之1號,049-2327707,"眼科,",23.979087999999997,120.686585,google_maps_result,醫療機構與人員基本資料,https://dep.mohw.gov.tw/doma/fp-4926-54415-106.html
medical,3538030048,滄浪診所,南投縣草屯鎮,南投縣草屯鎮中山街２４２號,049-2333420,"西醫一般科,",23.9791709,120.68321689999999,google_maps_result,醫療機構與人員基本資料,https://dep.mohw.gov.tw/doma/fp-4926-54415-106.html
medical,3538030155,李耳鼻喉科診所,南投縣草屯鎮,南投縣草屯鎮育英街１８７號,049-2338615,"耳鼻喉科,",23.9767115,120.68345009999999,google_maps_result,醫療機構與人員基本資料,https://dep.mohw.gov.tw/doma/fp-4926-54415-106.html
medical,3538030324,光陽診所,南投縣草屯鎮,南投縣草屯鎮太平路二段274號,049-2334203,"家庭醫學科,內科,",23.977177899999997,120.6842389,google_maps_result,醫療機構與人員基本資料,https://dep.mohw.gov.tw/doma/fp-4926-54415-106.html
medical,3838030035,恆元中醫診所,南投縣草屯鎮,南投縣草屯鎮草溪路１０１１號,049-2336195,"中醫一般科,",23.976834,120.6814569,google_maps_result,醫療機構與人員基本資料,https://dep.mohw.gov.tw/doma/fp-4926-54415-106.html
medical,3538030851,錦林診所,南投縣草屯鎮,南投縣草屯鎮虎山路７３６號,049-2357509,"家庭醫學科,兒科,",23.9749746,120.6859583,google_maps_result,醫療機構與人員基本資料,https://dep.mohw.gov.tw/doma/fp-4926-54415-106.html
medical,3738030186,許智淵牙科診所,南投縣草屯鎮,南投縣草屯鎮仁愛街68號,049-2334474,"牙醫一般科,",23.9799132,120.67889679999999,google_maps_result,醫療機構與人員基本資料,https://dep.mohw.gov.tw/doma/fp-4926-54415-106.html
medical,3538031081,謝立中聯合診所,南投縣草屯鎮,南投縣草屯鎮碧山南路13號,049-2301010,"家庭醫學科,內科,",23.977940999999998,120.68124789999999,google_maps_result,醫療機構與人員基本資料,https://dep.mohw.gov.tw/doma/fp-4926-54415-106.html
medical,3738030293,信基牙醫診所,南投縣草屯鎮,南投縣草屯鎮虎山路６91號,049-2307141,"牙醫一般科,",23.9732454,120.68597869999999,google_maps_result,醫療機構與人員基本資料,https://dep.mohw.gov.tw/doma/fp-4926-54415-106.html
medical,3838031443,永盛中醫診所,南投縣草屯鎮,南投縣草屯鎮中山街120號1樓,049-2356233,"中醫一般科,",23.976144599999998,120.68274699999999,google_maps_result,醫療機構與人員基本資料,https://dep.mohw.gov.tw/doma/fp-4926-54415-106.html
medical,3538032739,陳俊義耳鼻喉科診所,南投縣草屯鎮,南投縣草屯鎮明賢街10號,049-2354243,"耳鼻喉科,",23.9756856,120.68544949999999,google_maps_result,醫療機構與人員基本資料,https://dep.mohw.gov.tw/doma/fp-4926-54415-106.html
medical,3538032962,祐幼小兒科診所,南投縣草屯鎮,南投縣草屯鎮虎山路746號,2320606,"兒科,",23.9751953,120.6859731,google_maps_result,醫療機構與人員基本資料,https://dep.mohw.gov.tw/doma/fp-4926-54415-106.html
medical,3738031370,恩典牙醫診所,南投縣草屯鎮,南投縣草屯鎮太平路二段175號,049-2301287,"牙醫一般科,",23.9730113,120.68319849999999,google_maps_result,醫療機構與人員基本資料,https://dep.mohw.gov.tw/doma/fp-4926-54415-106.html
medical,3538030477,培恭診所,南投縣草屯鎮,南投縣草屯鎮虎山路788號,049-2365652,"西醫一般科,",23.976191,120.685986,google_maps_result,醫療機構與人員基本資料,https://dep.mohw.gov.tw/doma/fp-4926-54415-106.html
medical,3538033030,宏安耳鼻喉科診所,南投縣草屯鎮,南投縣草屯鎮中正路670號,049-2338109,"耳鼻喉科,",23.979404,120.684456,google_maps_result,醫療機構與人員基本資料,https://dep.mohw.gov.tw/doma/fp-4926-54415-106.html
medical,3538030066,陳國楨內兒科診所,南投縣草屯鎮,南投縣草屯鎮虎山路509號,049-2316072,"內科,兒科,",23.9690419,120.6869495,google_maps_result,醫療機構與人員基本資料,https://dep.mohw.gov.tw/doma/fp-4926-54415-106.html
medical,3538033209,大雅診所,南投縣草屯鎮,南投縣草屯鎮南埔里中正路233-12號,049-2551410,"西醫一般科,",23.9794466,120.72263149999999,google_maps_result,醫療機構與人員基本資料,https://dep.mohw.gov.tw/doma/fp-4926-54415-106.html
medical,3838031676,草屯中醫診所,南投縣草屯鎮,南投縣草屯鎮中興路290號1、2樓,049-2322138,"中醫一般科,",23.9738094,120.68762219999999,google_maps_result,醫療機構與人員基本資料,https://dep.mohw.gov.tw/doma/fp-4926-54415-106.html
medical,3738030284,東陽牙醫診所,南投縣草屯鎮,南投縣草屯鎮虎山路１７９－１號,049-2358671,"牙醫一般科,",23.9616299,120.68508849999999,google_maps_result,醫療機構與人員基本資料,https://dep.mohw.gov.tw/doma/fp-4926-54415-106.html
medical,3538030995,嘉信眼科診所,南投縣草屯鎮,南投縣草屯鎮太平路二段117號1、2樓,049-2323238,"眼科,",23.9719035,120.6830162,google_maps_result,醫療機構與人員基本資料,https://dep.mohw.gov.tw/doma/fp-4926-54415-106.html
medical,3538032953,蔡文龍診所,南投縣草屯鎮,南投縣草屯鎮炎峰街94號,049-2328000,"骨科,",23.9810747,120.6858566,google_maps_result,醫療機構與人員基本資料,https://dep.mohw.gov.tw/doma/fp-4926-54415-106.html
medical,3538030057,李內兒科診所,南投縣草屯鎮,南投縣草屯鎮中正路733號,049-2362021,"內科,兒科,",23.98086,120.6844175,google_maps_result,醫療機構與人員基本資料,https://dep.mohw.gov.tw/doma/fp-4926-54415-106.html
medical,3538030360,賜安診所,南投縣草屯鎮,南投縣草屯鎮中山街277號,049-2354658,"內科,兒科,",23.979888199999998,120.68308379999999,google_maps_result,醫療機構與人員基本資料,https://dep.mohw.gov.tw/doma/fp-4926-54415-106.html
medical,3538030459,邱哲煌皮膚科診所,南投縣草屯鎮,南投縣草屯鎮中正路771號,049-2322897,"皮膚科,",23.9816699,120.68446499999999,google_maps_result,醫療機構與人員基本資料,https://dep.mohw.gov.tw/doma/fp-4926-54415-106.html
medical,3538030593,泰安婦產科診所,南投縣草屯鎮,南投縣草屯鎮中正路608號,049-2333168,"婦產科,",23.9791299,120.68616519999999,google_maps_result,醫療機構與人員基本資料,https://dep.mohw.gov.tw/doma/fp-4926-54415-106.html
medical,3538033058,戴偉竣皮膚科診所,南投縣草屯鎮,南投縣草屯鎮草溪路1026號,049-2330332,"皮膚科,",23.9769059,120.68188869999999,google_maps_result,醫療機構與人員基本資料,https://dep.mohw.gov.tw/doma/fp-4926-54415-106.html
medical,3738031496,鼎真牙醫診所,南投縣草屯鎮,南投縣草屯鎮中正路800號1.2F,049-2353333,"牙醫一般科,",23.9823001,120.68503199999999,google_maps_result,醫療機構與人員基本資料,https://dep.mohw.gov.tw/doma/fp-4926-54415-106.html
medical,3538033067,為國眼科診所,南投縣草屯鎮,南投縣草屯鎮草溪路978號1-2樓,049-2320190,"眼科,",23.976362599999998,120.68146089999999,google_maps_result,醫療機構與人員基本資料,https://dep.mohw.gov.tw/doma/fp-4926-54415-106.html
medical,3538033049,達文西診所,南投縣草屯鎮,南投縣草屯鎮太平路一段255號1及2樓,049-2332788,"外科,婦產科,",23.9620134,120.6815037,google_maps_result,醫療機構與人員基本資料,https://dep.mohw.gov.tw/doma/fp-4926-54415-106.html
medical,3738031503,紐約牙醫診所,南投縣草屯鎮,南投縣草屯鎮中興路152號,049-2356600,"牙醫一般科,",23.977994499999998,120.67486249999999,google_maps_result,醫療機構與人員基本資料,https://dep.mohw.gov.tw/doma/fp-4926-54415-106.html
medical,3838031532,彌陀中醫診所,南投縣草屯鎮,南投縣草屯鎮虎山路37號,049-2392501,"中醫一般科,",23.9585232,120.6847451,google_maps_result,醫療機構與人員基本資料,https://dep.mohw.gov.tw/doma/fp-4926-54415-106.html
medical,3538030440,林洸燁小兒科診所,南投縣草屯鎮,南投縣草屯鎮中正路６２６號,049-2318735,"兒科,",23.979124499999998,120.68534609999999,google_maps_result,醫療機構與人員基本資料,https://dep.mohw.gov.tw/doma/fp-4926-54415-106.html
medical,3538030468,洪啟芬診所,南投縣草屯鎮,南投縣草屯鎮中正路1222號,049-2333359,"內科,",23.992669,120.68838,google_maps_result,醫療機構與人員基本資料,https://dep.mohw.gov.tw/doma/fp-4926-54415-106.html
medical,3538030600,杏哲診所,南投縣草屯鎮,南投縣草屯鎮玉屏路43-13號,049-2566636,"西醫一般科,",23.9971553,120.71898589999999,google_maps_result,醫療機構與人員基本資料,https://dep.mohw.gov.tw/doma/fp-4926-54415-106.html
medical,3538033101,用心生活診所,南投縣草屯鎮,南投縣草屯鎮育英街101號1樓,049-2380866,"西醫一般科,",23.976523,120.68650799999999,google_maps_result,醫療機構與人員基本資料,https://dep.mohw.gov.tw/doma/fp-4926-54415-106.html
medical,3538033110,協安診所,南投縣草屯鎮,南投縣草屯鎮玉峯里炎峰街84號1樓,049-2314945,"精神科,",23.980924899999998,120.68597489999999,google_maps_result,醫療機構與人員基本資料,https://dep.mohw.gov.tw/doma/fp-4926-54415-106.html
medical,3838031578,登科中醫診所,南投縣草屯鎮,南投縣草屯鎮中山街269號,049-2336559,"中醫一般科,",23.979759899999998,120.6830684,google_maps_result,醫療機構與人員基本資料,https://dep.mohw.gov.tw/doma/fp-4926-54415-106.html
medical,3838031630,永隆中醫診所,南投縣草屯鎮,南投縣草屯鎮太平路1段95-1號1-2樓,049-2390030,"中醫一般科,",23.9583037,120.68097569999999,google_maps_result,醫療機構與人員基本資料,https://dep.mohw.gov.tw/doma/fp-4926-54415-106.html
medical,3838031612,言臻中醫診所,南投縣草屯鎮,南投縣草屯鎮太平路2段198號1樓,049-2367569,"中醫一般科,",23.973819499999998,120.6835952,google_maps_result,醫療機構與人員基本資料,https://dep.mohw.gov.tw/doma/fp-4926-54415-106.html
medical,3538033156,白奇憲診所,南投縣草屯鎮,南投縣草屯鎮中山街154、156號1樓,049-2353636,"內科,",23.9772121,120.6828608,google_maps_result,醫療機構與人員基本資料,https://dep.mohw.gov.tw/doma/fp-4926-54415-106.html
medical,3738031512,安馨牙醫診所,南投縣草屯鎮,南投縣草屯鎮虎山路677號1、2樓,049-2336637,"牙醫一般科,",23.9708546,120.6866486,google_maps_result,醫療機構與人員基本資料,https://dep.mohw.gov.tw/doma/fp-4926-54415-106.html
medical,3838031587,承心中醫診所,南投縣草屯鎮,南投縣草屯鎮草鞋墩一街5及7號1樓,0492310628,"中醫一般科,",23.973954799999998,120.6807716,google_maps_result,醫療機構與人員基本資料,https://dep.mohw.gov.tw/doma/fp-4926-54415-106.html
medical,3838031603,唐中醫診所,南投縣草屯鎮,南投縣草屯鎮新生路169號1樓、2樓,049-2331258,"中醫一般科,",23.965013199999998,120.68423179999999,google_maps_result,醫療機構與人員基本資料,https://dep.mohw.gov.tw/doma/fp-4926-54415-106.html
medical,0938030016,佑民醫療社團法人佑民醫院,南投縣草屯鎮,南投縣草屯鎮太平路一段200號,049-2358151,"家庭醫學科,內科,外科,兒科,婦產科,骨科,神經科,神經外科,泌尿科,眼科,復健科,麻醉科,放射診斷科,急診醫學科,牙醫一般科,",23.9605827,120.68165959999999,google_maps_result,醫療機構與人員基本資料,https://dep.mohw.gov.tw/doma/fp-4926-54415-106.html
medical,1538030037,曾漢棋綜合醫院,南投縣草屯鎮,南投縣草屯鎮虎山路９１５號,049-2314149,"家庭醫學科,內科,外科,復健科,放射診斷科,急診醫學科,",23.9785896,120.6857436,google_maps_result,醫療機構與人員基本資料,https://dep.mohw.gov.tw/doma/fp-4926-54415-106.html
medical,3538033021,大雄泌尿科診所,南投縣草屯鎮,南投縣草屯鎮中山街53號,049-2326299,"泌尿科,",23.975173899999998,120.68236599999999,google_maps_result,醫療機構與人員基本資料,https://dep.mohw.gov.tw/doma/fp-4926-54415-106.html
medical,2338030016,南投縣草屯鎮衛生所,南投縣草屯鎮,南投縣草屯鎮草溪路882巷7號,0492362023,"西醫一般科,",23.9733423,120.68077439999999,google_maps_result,醫療機構與人員基本資料,https://dep.mohw.gov.tw/doma/fp-4926-54415-106.html
medical,3538040035,呂外科婦產科診所,南投縣竹山鎮,南投縣竹山鎮集山路三段1001號,049-2642801,"外科,婦產科,",23.755291,120.68112199999999,google_maps_result,醫療機構與人員基本資料,https://dep.mohw.gov.tw/doma/fp-4926-54415-106.html
medical,3538040071,憲珍診所,南投縣竹山鎮,南投縣竹山鎮埔頭街一巷一號,049-2643086,"內科,兒科,",23.7534253,120.68035379999999,google_maps_result,醫療機構與人員基本資料,https://dep.mohw.gov.tw/doma/fp-4926-54415-106.html
medical,3538040311,陳義本診所,南投縣竹山鎮,南投縣竹山鎮集山路三段833號,049-2655907,"家庭醫學科,",23.7577693,120.68460739999999,google_maps_result,醫療機構與人員基本資料,https://dep.mohw.gov.tw/doma/fp-4926-54415-106.html
medical,3538040366,陳重光耳鼻喉科診所,南投縣竹山鎮,南投縣竹山鎮集山路三段1062號,049-2662352,"耳鼻喉科,",23.7553484,120.6807683,google_maps_result,醫療機構與人員基本資料,https://dep.mohw.gov.tw/doma/fp-4926-54415-106.html
medical,3538041425,安馨竹山內科診所,南投縣竹山鎮,南投縣竹山鎮集山路三段483號,049-2630208,"內科,",23.761061899999998,120.6935329,google_maps_result,醫療機構與人員基本資料,https://dep.mohw.gov.tw/doma/fp-4926-54415-106.html
medical,3838041190,鼎億堂中醫診所,南投縣竹山鎮,南投縣竹山鎮集山路三段213號,049-2642557,"中醫一般科,",23.7634251,120.7012637,google_maps_result,醫療機構與人員基本資料,https://dep.mohw.gov.tw/doma/fp-4926-54415-106.html
medical,3838041181,永樂中醫診所,南投縣竹山鎮,南投縣竹山鎮集山路三段777號,,"中醫一般科,",23.758546,120.68597039999999,google_maps_result,醫療機構與人員基本資料,https://dep.mohw.gov.tw/doma/fp-4926-54415-106.html
medical,3538041578,喆喆耳鼻喉科診所,南投縣竹山鎮,南投縣竹山鎮大仁路187號1樓,049-2653998；0932-522862,"耳鼻喉科,",23.7572077,120.673282,google_maps_result,醫療機構與人員基本資料,https://dep.mohw.gov.tw/doma/fp-4926-54415-106.html
medical,3538040357,陳耀宗診所,南投縣竹山鎮,南投縣竹山鎮集山路三段816號,049-2653722,"家庭醫學科,",23.7593218,120.68650489999999,google_maps_result,醫療機構與人員基本資料,https://dep.mohw.gov.tw/doma/fp-4926-54415-106.html
medical,3838041163,理和中醫診所,南投縣竹山鎮,南投縣竹山鎮延和里集山路三段516號1F,049-2658926,"中醫一般科,",23.7616577,120.694313,google_maps_result,醫療機構與人員基本資料,https://dep.mohw.gov.tw/doma/fp-4926-54415-106.html
medical,0938040012,竹山秀傳醫療社團法人竹山秀傳醫院,南投縣竹山鎮,南投縣竹山鎮集山路2段75號,049-2624266,"家庭醫學科,內科,外科,兒科,婦產科,骨科,神經科,神經外科,泌尿科,耳鼻喉科,復健科,麻醉科,放射診斷科,急診醫學科,牙醫一般科,中醫一般科,",23.8000765,120.7140106,google_maps_result,醫療機構與人員基本資料,https://dep.mohw.gov.tw/doma/fp-4926-54415-106.html
medical,3538040017,詹外婦產科診所,南投縣竹山鎮,南投縣竹山鎮集山路三段６２３巷一號,049-2643559,"外科,婦產科,",23.7598071,120.68982439999999,google_maps_result,醫療機構與人員基本資料,https://dep.mohw.gov.tw/doma/fp-4926-54415-106.html
medical,3538041612,益民診所,南投縣竹山鎮,南投縣竹山鎮集山路三段816-3及816-4號,049-2660639,"內科,",23.7596092,120.686325,google_maps_result,醫療機構與人員基本資料,https://dep.mohw.gov.tw/doma/fp-4926-54415-106.html
medical,2338040012,南投縣竹山鎮衛生所,南投縣竹山鎮,南投縣竹山鎮公所路126號,049642026,,23.759486,120.672477,google_maps_result,醫療機構與人員基本資料,https://dep.mohw.gov.tw/doma/fp-4926-54415-106.html
medical,3538041621,佑幼耳鼻喉科診所,南投縣竹山鎮,南投縣竹山鎮集山路3段,049-2637733,"耳鼻喉科,",23.757043499999998,120.6833181,google_maps_result,醫療機構與人員基本資料,https://dep.mohw.gov.tw/doma/fp-4926-54415-106.html
medical,3538040339,劉輔仁眼科診所,南投縣竹山鎮,南投縣竹山鎮前山路一段95號,049-2642494,"眼科,",23.757192699999997,120.6795836,google_maps_result,醫療機構與人員基本資料,https://dep.mohw.gov.tw/doma/fp-4926-54415-106.html
medical,3538041416,潔明眼科診所,南投縣竹山鎮,南投縣竹山鎮前山路1段23號,049-2652991,"眼科,",23.756617799999997,120.6814881,google_maps_result,醫療機構與人員基本資料,https://dep.mohw.gov.tw/doma/fp-4926-54415-106.html
medical,3838040086,苹慈中醫診所,南投縣竹山鎮,南投縣竹山鎮下橫街５３－８號,049-2654246,"中醫一般科,",23.756820599999998,120.6838418,google_maps_result,醫療機構與人員基本資料,https://dep.mohw.gov.tw/doma/fp-4926-54415-106.html
medical,3538041550,弘仁診所,南投縣竹山鎮,南投縣竹山鎮集山路三段948-1號1樓,,"內科,",23.757355999999998,120.683454,google_maps_result,醫療機構與人員基本資料,https://dep.mohw.gov.tw/doma/fp-4926-54415-106.html
medical,3738041205,維美牙醫診所,南投縣竹山鎮,南投縣竹山鎮集山路三段797號1樓,,"牙醫一般科,",23.758354999999998,120.68545809999999,google_maps_result,醫療機構與人員基本資料,https://dep.mohw.gov.tw/doma/fp-4926-54415-106.html
medical,3738041189,德山牙醫診所,南投縣竹山鎮,南投縣竹山鎮集山路三段425號,049-2655989,"牙醫一般科,",23.7616184,120.6954842,google_maps_result,醫療機構與人員基本資料,https://dep.mohw.gov.tw/doma/fp-4926-54415-106.html
medical,3538041505,惠元診所,南投縣竹山鎮,南投縣竹山鎮中正巷27-99號,2651932,"西醫一般科,",23.7561505,120.69142579999999,google_maps_result,醫療機構與人員基本資料,https://dep.mohw.gov.tw/doma/fp-4926-54415-106.html
medical,3738040020,曾雅展牙醫診所,南投縣竹山鎮,南投縣竹山鎮林圯街14 之2號,049-2643391,"牙醫一般科,",23.754167199999998,120.681964,google_maps_result,醫療機構與人員基本資料,https://dep.mohw.gov.tw/doma/fp-4926-54415-106.html
medical,3738040093,黃牙醫診所,南投縣竹山鎮,南投縣竹山鎮菜園路３－１號,049-2653418,"牙醫一般科,",23.754835,120.68538099999999,google_maps_result,醫療機構與人員基本資料,https://dep.mohw.gov.tw/doma/fp-4926-54415-106.html
medical,3738040100,正新牙醫診所,南投縣竹山鎮,南投縣竹山鎮中正橫街７２號,049-2656466,"牙醫一般科,",23.755697299999998,120.68330739999999,google_maps_result,醫療機構與人員基本資料,https://dep.mohw.gov.tw/doma/fp-4926-54415-106.html
medical,3738040119,冠美牙醫診所,南投縣竹山鎮,南投縣竹山鎮橫街１３號,049-2653163,"牙醫一般科,",23.753934899999997,120.684247,google_maps_result,醫療機構與人員基本資料,https://dep.mohw.gov.tw/doma/fp-4926-54415-106.html
medical,3738040146,眾安牙醫診所,南投縣竹山鎮,南投縣竹山鎮前山路一段５４號,049-2660175,"牙醫一般科,",23.757294299999998,120.67984399999999,google_maps_result,醫療機構與人員基本資料,https://dep.mohw.gov.tw/doma/fp-4926-54415-106.html
medical,3738040155,生活牙醫診所,南投縣竹山鎮,南投縣竹山鎮前山路一段９９號,049-2660260,"牙醫一般科,",23.757215199999997,120.6795587,google_maps_result,醫療機構與人員基本資料,https://dep.mohw.gov.tw/doma/fp-4926-54415-106.html
medical,3738041198,石田牙醫診所,南投縣竹山鎮,南投縣竹山鎮集山路三段207-4號,049-2635058,"牙醫一般科,",23.7635795,120.70175549999999,google_maps_result,醫療機構與人員基本資料,https://dep.mohw.gov.tw/doma/fp-4926-54415-106.html
medical,3838040059,萬安中醫診所,南投縣竹山鎮,南投縣竹山鎮集山路三段785號,049-2649649,"中醫一般科,",23.7584213,120.6857433,google_maps_result,醫療機構與人員基本資料,https://dep.mohw.gov.tw/doma/fp-4926-54415-106.html
medical,3838040095,大明中醫診所,南投縣竹山鎮,南投縣竹山鎮大明路183號,049-2654936,"中醫一般科,",23.7600627,120.68483549999999,google_maps_result,醫療機構與人員基本資料,https://dep.mohw.gov.tw/doma/fp-4926-54415-106.html
medical,3838041127,惠群中醫診所,南投縣竹山鎮,南投縣竹山鎮橫街79號,049-2630702,"中醫一般科,",23.756179799999998,120.6828177,google_maps_result,醫療機構與人員基本資料,https://dep.mohw.gov.tw/doma/fp-4926-54415-106.html
medical,1538041209,東華醫院,南投縣竹山鎮,南投縣竹山鎮集山路三段272巷16號,049-2658949,"家庭醫學科,內科,神經科,復健科,麻醉科,放射診斷科,急診醫學科,中醫一般科,",23.7643168,120.7000633,google_maps_result,醫療機構與人員基本資料,https://dep.mohw.gov.tw/doma/fp-4926-54415-106.html
medical,3538041443,智瑤小兒科診所,南投縣竹山鎮,南投縣竹山鎮集山路三段879號,049-2652288,"兒科,",23.7571276,120.6835747,google_maps_result,醫療機構與人員基本資料,https://dep.mohw.gov.tw/doma/fp-4926-54415-106.html
medical,3838040102,慶興堂中醫診所,南投縣竹山鎮,南投縣竹山鎮頂橫街６０號,049-2659766,"中醫一般科,",23.756669499999997,120.6805813,google_maps_result,醫療機構與人員基本資料,https://dep.mohw.gov.tw/doma/fp-4926-54415-106.html
medical,3538040080,得安診所,南投縣竹山鎮,南投縣竹山鎮竹山路2號,049-2642930,"內科,兒科,",23.7575634,120.68666999999999,google_maps_result,醫療機構與人員基本資料,https://dep.mohw.gov.tw/doma/fp-4926-54415-106.html
medical,3538041523,瑞竹診所,南投縣竹山鎮,南投縣竹山鎮下坪里枋坪巷2-9號,049-2649319,"內科,",23.762154799999998,120.6811766,google_maps_result,醫療機構與人員基本資料,https://dep.mohw.gov.tw/doma/fp-4926-54415-106.html
medical,3538040124,沈仁諒診所,南投縣竹山鎮,南投縣竹山鎮下橫街58-7號,049-2648276,"西醫一般科,",23.7580249,120.68335599999999,google_maps_result,醫療機構與人員基本資料,https://dep.mohw.gov.tw/doma/fp-4926-54415-106.html
medical,3538040197,葉婦產科診所,南投縣竹山鎮,南投縣竹山鎮大明路１９４號,049-2643770,"婦產科,",23.7605801,120.6870687,google_maps_result,醫療機構與人員基本資料,https://dep.mohw.gov.tw/doma/fp-4926-54415-106.html
medical,3538040179,春臨診所,南投縣竹山鎮,南投縣竹山鎮集山路三段１８號,049-2642446,"西醫一般科,",23.7668674,120.70615219999999,google_maps_result,醫療機構與人員基本資料,https://dep.mohw.gov.tw/doma/fp-4926-54415-106.html
medical,3538041434,謝明哲診所,南投縣竹山鎮,南投縣竹山鎮集山路三段816之2號,049-2660583,"西醫一般科,",23.7594116,120.686427,google_maps_result,醫療機構與人員基本資料,https://dep.mohw.gov.tw/doma/fp-4926-54415-106.html
medical,3538041407,杏如皮膚科診所,南投縣竹山鎮,南投縣竹山鎮集山路三段820號,049-2642778,"皮膚科,",23.759194599999997,120.6865787,google_maps_result,醫療機構與人員基本資料,https://dep.mohw.gov.tw/doma/fp-4926-54415-106.html
medical,3538040277,益川診所,南投縣竹山鎮,南投縣竹山鎮雲林路５９號,049-2643301,"西醫一般科,",23.755381,120.68251389999999,google_maps_result,醫療機構與人員基本資料,https://dep.mohw.gov.tw/doma/fp-4926-54415-106.html
medical,3838050528,悅恩中醫診所,南投縣集集鎮,南投縣集集鎮集集街102號1樓,049-2762277,"中醫一般科,",23.828003499999998,120.78231419999999,google_maps_result,醫療機構與人員基本資料,https://dep.mohw.gov.tw/doma/fp-4926-54415-106.html
medical,3738050571,民生牙醫診所,南投縣集集鎮,南投縣集集鎮民生路340號,049-2762860,"牙醫一般科,",23.8269922,120.77931889999999,google_maps_result,醫療機構與人員基本資料,https://dep.mohw.gov.tw/doma/fp-4926-54415-106.html
medical,3538051154,第一診所,南投縣集集鎮,南投縣集集鎮民生路234號,049-2761888,"西醫一般科,",23.827051899999997,120.7825259,google_maps_result,醫療機構與人員基本資料,https://dep.mohw.gov.tw/doma/fp-4926-54415-106.html
medical,2338050018,南投縣集集鎮衛生所,南投縣集集鎮,南投縣集集鎮民生路106號,049-2762015,"內科,",23.8288989,120.7866294,google_maps_result,醫療機構與人員基本資料,https://dep.mohw.gov.tw/doma/fp-4926-54415-106.html
medical,3538051172,陳威申診所,南投縣集集鎮,南投縣集集鎮民生路242號,049-2762888,"西醫一般科,",23.8270439,120.78240389999999,google_maps_result,醫療機構與人員基本資料,https://dep.mohw.gov.tw/doma/fp-4926-54415-106.html
medical,2338060014,南投縣名間鄉衛生所,南投縣名間鄉,南投縣名間鄉中正村彰南路42號,049-2732135,"家庭醫學科,",23.838452,120.702839,google_maps_result,醫療機構與人員基本資料,https://dep.mohw.gov.tw/doma/fp-4926-54415-106.html
medical,3538061347,文和診所,南投縣名間鄉,南投縣名間鄉員集路126號,049-2737171,"西醫一般科,",23.8356985,120.7026906,google_maps_result,醫療機構與人員基本資料,https://dep.mohw.gov.tw/doma/fp-4926-54415-106.html
medical,3838061101,瑞龍堂中醫診所,南投縣名間鄉,南投縣名間鄉中山村1鄰彰南路186號、188號1樓,049-2732055,"中醫一般科,",23.8433744,120.6993631,google_maps_result,醫療機構與人員基本資料,https://dep.mohw.gov.tw/doma/fp-4926-54415-106.html
medical,3538061383,博仁診所,南投縣名間鄉,南投縣名間鄉員集路93號,049-2730089,"家庭醫學科,",23.8355575,120.7036468,google_maps_result,醫療機構與人員基本資料,https://dep.mohw.gov.tw/doma/fp-4926-54415-106.html
medical,3538061365,安康診所,南投縣名間鄉,南投縣名間鄉員集路93號,049-2730089,"家庭醫學科,",23.8355575,120.7036468,google_maps_result,醫療機構與人員基本資料,https://dep.mohw.gov.tw/doma/fp-4926-54415-106.html
medical,3538061338,正安診所,南投縣名間鄉,南投縣名間鄉南雅街124號,049-2737666,"兒科,",23.838060499999997,120.70218179999999,google_maps_result,醫療機構與人員基本資料,https://dep.mohw.gov.tw/doma/fp-4926-54415-106.html
medical,3538060126,劉福興診所,南投縣名間鄉,南投縣名間鄉新街村彰南路４７０號,049-2239936,"西醫一般科,",23.8795617,120.6932271,google_maps_result,醫療機構與人員基本資料,https://dep.mohw.gov.tw/doma/fp-4926-54415-106.html
medical,3538061294,大庄羅診所,南投縣名間鄉,南投縣名間鄉南田路86-16號,2273525,"西醫一般科,",23.8761044,120.6563046,google_maps_result,醫療機構與人員基本資料,https://dep.mohw.gov.tw/doma/fp-4926-54415-106.html
medical,3538061276,松柏診所,南投縣名間鄉,南投縣名間鄉名松路二段279號,049-2583777,"內科,",23.8358515,120.6340912,google_maps_result,醫療機構與人員基本資料,https://dep.mohw.gov.tw/doma/fp-4926-54415-106.html
medical,3538060117,民生診所,南投縣名間鄉,南投縣名間鄉彰南路６５－１號,049-2735353,"西醫一般科,",23.839596,120.701402,google_maps_result,醫療機構與人員基本資料,https://dep.mohw.gov.tw/doma/fp-4926-54415-106.html
medical,3538061409,名間眼科診所,南投縣名間鄉,南投縣名間鄉彰南路96之2號1樓,049-2739909,"眼科,",23.8416726,120.70047079999999,google_maps_result,醫療機構與人員基本資料,https://dep.mohw.gov.tw/doma/fp-4926-54415-106.html
medical,3738060059,松茂牙醫診所,南投縣名間鄉,南投縣名間鄉員集路１４７－３號,049-2730781,"牙醫一般科,",23.8354257,120.70164829999999,google_maps_result,醫療機構與人員基本資料,https://dep.mohw.gov.tw/doma/fp-4926-54415-106.html
medical,3838061094,佑生中醫診所,南投縣名間鄉,南投縣名間鄉員集路126號,049-2737111,"中醫一般科,",23.8356985,120.7026906,google_maps_result,醫療機構與人員基本資料,https://dep.mohw.gov.tw/doma/fp-4926-54415-106.html
medical,3838061085,康壽中醫診所,南投縣名間鄉,南投縣名間鄉彰南路373之4號,049-2220918,"中醫一般科,",23.875353999999998,120.693029,google_maps_result,醫療機構與人員基本資料,https://dep.mohw.gov.tw/doma/fp-4926-54415-106.html
medical,3738061083,福田牙醫診所,南投縣名間鄉,南投縣名間鄉濁水村彰南路1-5號,049-2736531,"牙醫一般科,",23.836098999999997,120.705147,google_maps_result,醫療機構與人員基本資料,https://dep.mohw.gov.tw/doma/fp-4926-54415-106.html
medical,3538061329,玄祐診所,南投縣名間鄉,南投縣名間鄉董門巷36號1樓,0492730988,"西醫一般科,",23.8385049,120.7002895,google_maps_result,醫療機構與人員基本資料,https://dep.mohw.gov.tw/doma/fp-4926-54415-106.html
medical,3738060022,明仁牙醫診所,南投縣名間鄉,南投縣名間鄉松山村豐柏路２７－１號,049-2530030,"牙醫一般科,",23.8340835,120.63443749999999,google_maps_result,醫療機構與人員基本資料,https://dep.mohw.gov.tw/doma/fp-4926-54415-106.html
medical,2338070010,南投縣鹿谷鄉衛生所,南投縣鹿谷鄉,南投縣鹿谷鄉中正路二段20號,049752002,"西醫一般科,",23.7448759,120.7542366,google_maps_result,醫療機構與人員基本資料,https://dep.mohw.gov.tw/doma/fp-4926-54415-106.html
medical,3538071101,常安診所,南投縣鹿谷鄉,南投縣鹿谷鄉中正路一段55號,049-2755102,"西醫一般科,",23.7383399,120.76064129999999,google_maps_result,醫療機構與人員基本資料,https://dep.mohw.gov.tw/doma/fp-4926-54415-106.html
medical,3538070060,鹿谷鄉農民診所,南投縣鹿谷鄉,南投縣鹿谷鄉廣興村光復路188號一樓,049-,"西醫一般科,",23.737017899999998,120.76066999999999,google_maps_result,醫療機構與人員基本資料,https://dep.mohw.gov.tw/doma/fp-4926-54415-106.html
medical,3538070033,陳首志診所,南投縣鹿谷鄉,南投縣鹿谷鄉彰雅村中正路一段324號,049751753,"西醫一般科,",23.7437896,120.7551968,google_maps_result,醫療機構與人員基本資料,https://dep.mohw.gov.tw/doma/fp-4926-54415-106.html
medical,2338080016,南投縣中寮鄉衛生所,南投縣中寮鄉,南投縣中寮鄉永平村永昌街102號,049-2691404,"西醫一般科,",23.8808579,120.7655807,google_maps_result,醫療機構與人員基本資料,https://dep.mohw.gov.tw/doma/fp-4926-54415-106.html
medical,3538080155,良平診所,南投縣中寮鄉,南投縣中寮鄉永平村永安街188號,049-2691996,"家庭醫學科,",23.8806118,120.7644715,google_maps_result,醫療機構與人員基本資料,https://dep.mohw.gov.tw/doma/fp-4926-54415-106.html
medical,3538081287,吳鴻儀診所,南投縣中寮鄉,南投縣中寮鄉龍岩村龍南路196號1F,049-2601601,"西醫一般科,",23.935412799999998,120.7602209,google_maps_result,醫療機構與人員基本資料,https://dep.mohw.gov.tw/doma/fp-4926-54415-106.html
medical,3538081321,永順診所,南投縣中寮鄉,南投縣中寮鄉永平村永安街73號1樓,2692468,"西醫一般科,",23.8792589,120.7673835,google_maps_result,醫療機構與人員基本資料,https://dep.mohw.gov.tw/doma/fp-4926-54415-106.html
medical,3538081205,詹子政診所,南投縣中寮鄉,南投縣中寮鄉初中巷2-1號,049-2694988,"西醫一般科,",23.879469099999998,120.7648071,google_maps_result,醫療機構與人員基本資料,https://dep.mohw.gov.tw/doma/fp-4926-54415-106.html
medical,3838080017,光華中醫診所,南投縣中寮鄉,南投縣中寮鄉永平村永平路２４９號,049-2694686,"中醫一般科,",23.8788384,120.7658618,google_maps_result,醫療機構與人員基本資料,https://dep.mohw.gov.tw/doma/fp-4926-54415-106.html
medical,3738090011,蕭牙醫診所,南投縣魚池鄉,南投縣魚池鄉魚池街４００號,049-2895654,"牙醫一般科,",23.897482999999998,120.935808,google_maps_result,醫療機構與人員基本資料,https://dep.mohw.gov.tw/doma/fp-4926-54415-106.html
medical,2338090012,南投縣魚池鄉衛生所,南投縣魚池鄉,南投縣魚池鄉魚池街194號,049-2895513,"西醫一般科,",23.8954991,120.9411904,google_maps_result,醫療機構與人員基本資料,https://dep.mohw.gov.tw/doma/fp-4926-54415-106.html
medical,3538091103,台安診所,南投縣魚池鄉,南投縣魚池鄉魚池街334巷16號,049-285139,"西醫一般科,",23.897394,120.93807299999999,google_maps_result,醫療機構與人員基本資料,https://dep.mohw.gov.tw/doma/fp-4926-54415-106.html
medical,3838090013,新惠安中醫診所,南投縣魚池鄉,南投縣魚池鄉魚池街366號,049-2896805,"中醫一般科,",23.897026699999998,120.9364743,google_maps_result,醫療機構與人員基本資料,https://dep.mohw.gov.tw/doma/fp-4926-54415-106.html
medical,3538090071,上恩診所,南投縣魚池鄉,南投縣魚池鄉魚池村魚池街392號,049-2897448,"西醫一般科,",23.8973034,120.9358939,google_maps_result,醫療機構與人員基本資料,https://dep.mohw.gov.tw/doma/fp-4926-54415-106.html
medical,3538091096,楊順喜小兒科診所,南投縣魚池鄉,南投縣魚池鄉魚池街125之2號1樓,049-2898591,"兒科,",23.8967478,120.93696159999999,google_maps_result,醫療機構與人員基本資料,https://dep.mohw.gov.tw/doma/fp-4926-54415-106.html
medical,3738090020,邱仁宏牙醫診所,南投縣魚池鄉,南投縣魚池鄉魚池街４６1號,049-2898918,"牙醫一般科,",23.8968131,120.9355679,google_maps_result,醫療機構與人員基本資料,https://dep.mohw.gov.tw/doma/fp-4926-54415-106.html
medical,3538101382,安鴻診所,南投縣國姓鄉,南投縣國姓鄉中興路130號1樓,049-2722778,"西醫一般科,",24.0412933,120.856601,google_maps_result,醫療機構與人員基本資料,https://dep.mohw.gov.tw/doma/fp-4926-54415-106.html
medical,2338100013,南投縣國姓鄉衛生所,南投縣國姓鄉,南投縣國姓鄉民族街４２號,049-2721009,"家庭醫學科,",24.037817,120.8547007,google_maps_result,醫療機構與人員基本資料,https://dep.mohw.gov.tw/doma/fp-4926-54415-106.html
medical,3538101408,永隆診所,南投縣國姓鄉,南投縣國姓鄉北山村南港路303號1樓,049-2452506,"西醫一般科,",23.9808068,120.87208179999999,google_maps_result,醫療機構與人員基本資料,https://dep.mohw.gov.tw/doma/fp-4926-54415-106.html
medical,3538101417,王丕振診所,南投縣國姓鄉,南投縣國姓鄉中興路51號,049-2720507,"婦產科,西醫一般科,",24.042659999999998,120.8579769,google_maps_result,醫療機構與人員基本資料,https://dep.mohw.gov.tw/doma/fp-4926-54415-106.html
medical,3838101066,家家中醫診所,南投縣國姓鄉,南投縣國姓鄉中興路170號1樓,049-2723391,"中醫一般科,",24.0406487,120.8560074,google_maps_result,醫療機構與人員基本資料,https://dep.mohw.gov.tw/doma/fp-4926-54415-106.html
medical,3738101046,艾美牙醫診所,南投縣國姓鄉,南投縣國姓鄉國姓村中興路326號,049-2720147,"牙醫一般科,",24.038138,120.85401499999999,google_maps_result,醫療機構與人員基本資料,https://dep.mohw.gov.tw/doma/fp-4926-54415-106.html
medical,3838110074,興安中醫診所,南投縣水里鄉,南投縣水里鄉城中村太平街87號,049-2770757,"中醫一般科,",23.8167287,120.8519017,google_maps_result,醫療機構與人員基本資料,https://dep.mohw.gov.tw/doma/fp-4926-54415-106.html
medical,3538111637,幼幼耳鼻喉科診所,南投縣水里鄉,南投縣水里鄉民權路,,"耳鼻喉科,",23.817844599999997,120.8532288,google_maps_result,醫療機構與人員基本資料,https://dep.mohw.gov.tw/doma/fp-4926-54415-106.html
medical,3838110065,華佗中醫診所,南投縣水里鄉,南投縣水里鄉中央村民族路492號,,"中醫一般科,",23.816359,120.85347519999999,google_maps_result,醫療機構與人員基本資料,https://dep.mohw.gov.tw/doma/fp-4926-54415-106.html
medical,3738110018,張牙醫診所,南投縣水里鄉,南投縣水里鄉城中村太平街53號,049770143,"牙醫一般科,",23.816903399999998,120.85260459999999,google_maps_result,醫療機構與人員基本資料,https://dep.mohw.gov.tw/doma/fp-4926-54415-106.html
medical,3738110045,懷安牙醫診所,南投縣水里鄉,南投縣水里鄉水里村民權路182號,049-2778345,"牙醫一般科,",23.8179356,120.85339649999999,google_maps_result,醫療機構與人員基本資料,https://dep.mohw.gov.tw/doma/fp-4926-54415-106.html
medical,3738111113,佳美牙醫診所,南投縣水里鄉,南投縣水里鄉中央村中正路112號,049_2778563,"牙醫一般科,",23.8150199,120.8524324,google_maps_result,醫療機構與人員基本資料,https://dep.mohw.gov.tw/doma/fp-4926-54415-106.html
medical,3838111124,和平中醫診所,南投縣水里鄉,南投縣水里鄉民權路272號1F,049-2770607,"中醫一般科,",23.817204699999998,120.85199519999999,google_maps_result,醫療機構與人員基本資料,https://dep.mohw.gov.tw/doma/fp-4926-54415-106.html
medical,3838111142,益品安中醫診所,南投縣水里鄉,南投縣水里鄉民生路387號1樓,049-2777153,"中醫一般科,",23.8169206,120.8539756,google_maps_result,醫療機構與人員基本資料,https://dep.mohw.gov.tw/doma/fp-4926-54415-106.html
medical,3538111619,水里社區基督聯合診所,南投縣水里鄉,南投縣水里鄉中正路38號,0492871999,"家庭醫學科,內科,外科,骨科,復健科,",23.8178534,120.85513499999999,google_maps_result,醫療機構與人員基本資料,https://dep.mohw.gov.tw/doma/fp-4926-54415-106.html
medical,2338110019,南投縣水里鄉衛生所,南投縣水里鄉,南投縣水里鄉博愛路205號,049-2770079,"家庭醫學科,",23.810606099999998,120.84908689999999,google_maps_result,醫療機構與人員基本資料,https://dep.mohw.gov.tw/doma/fp-4926-54415-106.html
medical,3538111422,博愛診所,南投縣水里鄉,南投縣水里鄉民生路126號,0910546828,"家庭醫學科,外科,",23.811659199999998,120.8558233,google_maps_result,醫療機構與人員基本資料,https://dep.mohw.gov.tw/doma/fp-4926-54415-106.html
medical,3538110121,劉眼科診所,南投縣水里鄉,南投縣水里鄉民權路189號,049-2777799,"眼科,",23.8170745,120.852055,google_maps_result,醫療機構與人員基本資料,https://dep.mohw.gov.tw/doma/fp-4926-54415-106.html
medical,3538111566,信望愛診所,南投縣水里鄉,南投縣水里鄉民族路362號1樓,049-2770000,"家庭醫學科,",23.810394199999998,120.8512197,google_maps_result,醫療機構與人員基本資料,https://dep.mohw.gov.tw/doma/fp-4926-54415-106.html
medical,3838111115,保生堂中醫診所,南投縣水里鄉,南投縣水里鄉民權路210號1樓,049-2770115,"中醫一般科,",23.8177286,120.8529897,google_maps_result,醫療機構與人員基本資料,https://dep.mohw.gov.tw/doma/fp-4926-54415-106.html
medical,3538111468,瑞斌診所,南投縣水里鄉,南投縣水里鄉民權路230及232號,049-2778877,"家庭醫學科,",23.8175299,120.8526212,google_maps_result,醫療機構與人員基本資料,https://dep.mohw.gov.tw/doma/fp-4926-54415-106.html
medical,3538110032,慶聲診所,南投縣水里鄉,南投縣水里鄉民生路377號,049-2770957,"內科,",23.8167048,120.85408229999999,google_maps_result,醫療機構與人員基本資料,https://dep.mohw.gov.tw/doma/fp-4926-54415-106.html
medical,3838111133,寶光中醫診所,南投縣水里鄉,南投縣水里鄉民族路356號1樓,0923-829758,"中醫一般科,",23.8135719,120.8549475,google_maps_result,醫療機構與人員基本資料,https://dep.mohw.gov.tw/doma/fp-4926-54415-106.html
medical,3538111600,澄清診所,南投縣水里鄉,南投縣水里鄉民生路201及203號1樓,049-2776160,"家庭醫學科,",23.8115974,120.8555602,google_maps_result,醫療機構與人員基本資料,https://dep.mohw.gov.tw/doma/fp-4926-54415-106.html
medical,3538121286,人和診所,南投縣信義鄉,南投縣信義鄉人和村民生巷68號1樓,049-2777369,"家庭醫學科,",23.776443,120.89697199999999,google_maps_result,醫療機構與人員基本資料,https://dep.mohw.gov.tw/doma/fp-4926-54415-106.html
medical,3538121375,地利診所,南投縣信義鄉,南投縣信義鄉地利村開信巷121號,049-274 2321,"家庭醫學科,",23.7936588,120.9418546,google_maps_result,醫療機構與人員基本資料,https://dep.mohw.gov.tw/doma/fp-4926-54415-106.html
medical,3738120023,同富牙醫診所,南投縣信義鄉,南投縣信義鄉同富村同和巷９８－４號,049-2702055,"牙醫一般科,",23.5922908,120.8899033,google_maps_result,醫療機構與人員基本資料,https://dep.mohw.gov.tw/doma/fp-4926-54415-106.html
medical,2338120015,南投縣信義鄉衛生所,南投縣信義鄉,南投縣信義鄉玉山路45號,049-2791148,"西醫一般科,",23.696291,120.85467109999999,google_maps_result,醫療機構與人員基本資料,https://dep.mohw.gov.tw/doma/fp-4926-54415-106.html
medical,3538121259,懷恩診所,南投縣信義鄉,南投縣信義鄉玉山路２９－１號,049-2792257,"家庭醫學科,",23.6958479,120.85489059999999,google_maps_result,醫療機構與人員基本資料,https://dep.mohw.gov.tw/doma/fp-4926-54415-106.html
medical,3538121188,親民內科診所,南投縣信義鄉,南投縣信義鄉同和巷99號,049-2702308,"內科,",23.5918766,120.8894522,google_maps_result,醫療機構與人員基本資料,https://dep.mohw.gov.tw/doma/fp-4926-54415-106.html
medical,3538121197,吉龍診所,南投縣信義鄉,南投縣信義鄉同富村同和巷67-1號,702702,"家庭醫學科,",23.5922187,120.88891009999999,google_maps_result,醫療機構與人員基本資料,https://dep.mohw.gov.tw/doma/fp-4926-54415-106.html
medical,3538121179,慶安診所,南投縣信義鄉,南投縣信義鄉明德村新開巷100號,049-2791850,"家庭醫學科,",23.6961649,120.8545858,google_maps_result,醫療機構與人員基本資料,https://dep.mohw.gov.tw/doma/fp-4926-54415-106.html
medical,2338130011,南投縣仁愛鄉衛生所,南投縣仁愛鄉,南投縣仁愛鄉大同村五福巷17號,049-2802341,"西醫一般科,",24.0242777,121.1343823,google_maps_result,醫療機構與人員基本資料,https://dep.mohw.gov.tw/doma/fp-4926-54415-106.html
medical,3538131059,健安診所,南投縣仁愛鄉,南投縣仁愛鄉大同村仁和路１08號,049-2802250,"西醫一般科,",24.022998899999997,121.1327019,google_maps_result,醫療機構與人員基本資料,https://dep.mohw.gov.tw/doma/fp-4926-54415-106.html
medical,3538131095,路加診所,南投縣仁愛鄉,南投縣仁愛鄉大同村仁和路55號,049-2802188,"家庭醫學科,",24.0223388,121.13194639999999,google_maps_result,醫療機構與人員基本資料,https://dep.mohw.gov.tw/doma/fp-4926-54415-106.html
medical,3538131139,謝榮次診所,南投縣仁愛鄉,南投縣仁愛鄉大同村仁和路148之1號,0980672206；049-2801823,"內科,",24.023424799999997,121.1329337,google_maps_result,醫療機構與人員基本資料,https://dep.mohw.gov.tw/doma/fp-4926-54415-106.html
medical,3538131157,聖本篤診所,南投縣仁愛鄉,南投縣仁愛鄉大同村仁和路153號,049-2802922,"家庭醫學科,",24.023173,121.13227099999999,google_maps_result,醫療機構與人員基本資料,https://dep.mohw.gov.tw/doma/fp-4926-54415-106.html
