category,name,township,address,phone,principal,class_count,student_count,teacher_count,kindergarten_class_count,kindergarten_teacher_count,school_year,source_name,source_url
school,南投國小,南投市,南投縣南投市彰南路一段1059號,(049)2222038,廖志家,36,900,59,3,10,114,南投縣學校基本資料,https://sso.ntct.edu.tw/NewPerson/SchoolBase.aspx
school,平和國小,南投市,南投縣南投市平和里育樂路62號,(049)2222028,張文馨,36,880,60,4,8,114,南投縣學校基本資料,https://sso.ntct.edu.tw/NewPerson/SchoolBase.aspx
school,新豐國小,南投市,南投縣南投市彰南路三段221號,(049)2251804,陳建助,15,330,25,1,2,114,南投縣學校基本資料,https://sso.ntct.edu.tw/NewPerson/SchoolBase.aspx
school,營盤國小,南投市,南投縣南投市營南里營盤路136號,(049)2335882,江吉田,6,98,10,-,-,114,南投縣學校基本資料,https://sso.ntct.edu.tw/NewPerson/SchoolBase.aspx
school,西嶺國小,南投市,南投縣南投市鳳鳴里八卦路894號,(049)2291354,沈春木,6,46,10,-,-,114,南投縣學校基本資料,https://sso.ntct.edu.tw/NewPerson/SchoolBase.aspx
school,德興國小,南投市,南投縣南投市內興里中興路200號,(049)2359050,陳建佑,6,137,10,-,-,114,南投縣學校基本資料,https://sso.ntct.edu.tw/NewPerson/SchoolBase.aspx
school,光華國小,南投市,南投縣南投市光華里光華四路2號,(049)2332549,黃美鳳,29,761,48,3,4,114,南投縣學校基本資料,https://sso.ntct.edu.tw/NewPerson/SchoolBase.aspx
school,光榮國小,南投市,南投縣南投市光榮里八鄰光榮北路19號,(049)2332550,陳志嘉,10,171,16,1,2,114,南投縣學校基本資料,https://sso.ntct.edu.tw/NewPerson/SchoolBase.aspx
school,文山國小,南投市,南投縣南投市福山里八卦路349號,(049)2291394,姚美宜,6,90,11,1,2,114,南投縣學校基本資料,https://sso.ntct.edu.tw/NewPerson/SchoolBase.aspx
school,僑建國小,南投市,南投縣南投市彰南路三段847號,(049)2253245,蔡國宏,7,101,15,1,4,114,南投縣學校基本資料,https://sso.ntct.edu.tw/NewPerson/SchoolBase.aspx
school,漳和國小,南投市,南投縣南投市文林路16號,(049)2224087,張鈴采,14,323,27,2,3,114,南投縣學校基本資料,https://sso.ntct.edu.tw/NewPerson/SchoolBase.aspx
school,嘉和國小,南投市,南投縣南投市彰南路一段639巷80號,(049)2222430,陳秀玲,14,348,26,1,3,114,南投縣學校基本資料,https://sso.ntct.edu.tw/NewPerson/SchoolBase.aspx
school,光復國小,南投市,南投縣南投市光明里光明一路67號,(049)2332587,柯志忠,6,65,10,1,3,114,南投縣學校基本資料,https://sso.ntct.edu.tw/NewPerson/SchoolBase.aspx
school,千秋國小,南投市,南投縣南投市千秋里千秋路131巷1號,(049)2229405,陳美玲,6,37,10,-,-,114,南投縣學校基本資料,https://sso.ntct.edu.tw/NewPerson/SchoolBase.aspx
school,漳興國小,南投市,南投縣南投市復興路669號,(049)2224013,陳良輔,16,365,29,3,7,114,南投縣學校基本資料,https://sso.ntct.edu.tw/NewPerson/SchoolBase.aspx
school,康壽國小,南投市,南投縣南投市南陽路269號,(049)2243457,蔡政道,22,516,42,-,-,114,南投縣學校基本資料,https://sso.ntct.edu.tw/NewPerson/SchoolBase.aspx
school,埔里國小,埔里鎮,南投縣埔里鎮西門里西康路127號,(049)2982034,邱國峰,41,1034,86,4,9,114,南投縣學校基本資料,https://sso.ntct.edu.tw/NewPerson/SchoolBase.aspx
school,南光國小,埔里鎮,南投縣埔里鎮杷城里中正路251號,(049)2982025,林取德,49,1275,81,7,19,114,南投縣學校基本資料,https://sso.ntct.edu.tw/NewPerson/SchoolBase.aspx
school,育英國小,埔里鎮,南投縣埔里鎮清新里育英街20號,(049)2982144,林慧錚,11,240,19,3,8,114,南投縣學校基本資料,https://sso.ntct.edu.tw/NewPerson/SchoolBase.aspx
school,史港國小,埔里鎮,南投縣埔里鎮史港里獅子路9號,(049)2931521,陳貴珍,6,64,12,1,3,114,南投縣學校基本資料,https://sso.ntct.edu.tw/NewPerson/SchoolBase.aspx
school,愛蘭國小,埔里鎮,南投縣埔里鎮愛蘭里鐵山路7號,(049)2912514,曾元信 曾元信,16,373,26,4,6,114,南投縣學校基本資料,https://sso.ntct.edu.tw/NewPerson/SchoolBase.aspx
school,溪南國小,埔里鎮,南投縣埔里鎮溪南里珠生路68號,(049)2904517,李淑瑜,12,194,21,3,9,114,南投縣學校基本資料,https://sso.ntct.edu.tw/NewPerson/SchoolBase.aspx
school,水尾國小,埔里鎮,南投縣埔里鎮一新里永豐路92號,(049)2932506,張志維,6,23,9,1,2,114,南投縣學校基本資料,https://sso.ntct.edu.tw/NewPerson/SchoolBase.aspx
school,桃源國小,埔里鎮,南投縣埔里鎮桃米里桃米巷68號,(049)2913450,趙元炤,6,24,11,-,-,114,南投縣學校基本資料,https://sso.ntct.edu.tw/NewPerson/SchoolBase.aspx
school,麒麟國小,埔里鎮,南投縣埔里鎮麒麟里武界路7號,(049)2925941,方竣憲,6,48,11,-,-,114,南投縣學校基本資料,https://sso.ntct.edu.tw/NewPerson/SchoolBase.aspx
school,太平國小,埔里鎮,南投縣埔里鎮合成里西安路三段167巷35號,(049)2931385,蔣汝蘭,6,86,11,2,4,114,南投縣學校基本資料,https://sso.ntct.edu.tw/NewPerson/SchoolBase.aspx
school,忠孝國小,埔里鎮,南投縣埔里鎮牛眠里守城路28號,(049)2931582,鐘森雄,7,146,13,1,2,114,南投縣學校基本資料,https://sso.ntct.edu.tw/NewPerson/SchoolBase.aspx
school,中峰國小,埔里鎮,南投縣埔里鎮中山路一段228號,(049)2982542,陳明達,6,112,11,-,-,114,南投縣學校基本資料,https://sso.ntct.edu.tw/NewPerson/SchoolBase.aspx
school,大成國小,埔里鎮,南投縣埔里鎮中山路三段565號,(049)2916517,徐昌義,12,221,19,-,-,114,南投縣學校基本資料,https://sso.ntct.edu.tw/NewPerson/SchoolBase.aspx
school,草屯國小,草屯鎮,南投縣草屯鎮玉峰里玉屏路210號,(049)2362007,陳照明,47,1014,84,4,8,114,南投縣學校基本資料,https://sso.ntct.edu.tw/NewPerson/SchoolBase.aspx
school,新庄國小,草屯鎮,南投縣草屯鎮新庄里新庄三路32號,(049)2333104,姚仁傑,6,181,11,3,4,114,南投縣學校基本資料,https://sso.ntct.edu.tw/NewPerson/SchoolBase.aspx
school,碧峰國小,草屯鎮,南投縣草屯鎮碧峰里立人路439號,(049)2334304,溫富榮,12,243,19,2,4,114,南投縣學校基本資料,https://sso.ntct.edu.tw/NewPerson/SchoolBase.aspx
school,土城國小,草屯鎮,南投縣草屯鎮土城里中正路189號,(049)2552024,陳順興,6,30,11,-,-,114,南投縣學校基本資料,https://sso.ntct.edu.tw/NewPerson/SchoolBase.aspx
school,雙冬國小,草屯鎮,南投縣草屯鎮雙冬里中正路34號,(049)2571362,蘇裕祿,6,37,13,1,2,114,南投縣學校基本資料,https://sso.ntct.edu.tw/NewPerson/SchoolBase.aspx
school,炎峰國小,草屯鎮,南投縣草屯鎮中興路101號,(049)2333221,陳恒聰,35,910,67,3,6,114,南投縣學校基本資料,https://sso.ntct.edu.tw/NewPerson/SchoolBase.aspx
school,中原國小,草屯鎮,南投縣草屯鎮中原里坪腳巷20號,(049)2554631,陳俊言,8,162,13,2,2,114,南投縣學校基本資料,https://sso.ntct.edu.tw/NewPerson/SchoolBase.aspx
school,平林國小,草屯鎮,南投縣草屯鎮健行路65巷90號,(049)2571761,呂秋明,6,47,10,-,-,114,南投縣學校基本資料,https://sso.ntct.edu.tw/NewPerson/SchoolBase.aspx
school,坪頂國小,草屯鎮,南投縣草屯鎮坪頂里南坪路40號,(049)2552074,潘黃家齊,6,20,11,-,-,114,南投縣學校基本資料,https://sso.ntct.edu.tw/NewPerson/SchoolBase.aspx
school,僑光國小,草屯鎮,南投縣草屯鎮稻香路20-2號,(049)2333684,陳明正,18,513,35,3,7,114,南投縣學校基本資料,https://sso.ntct.edu.tw/NewPerson/SchoolBase.aspx
school,北投國小,草屯鎮,南投縣草屯鎮北投路文教巷43號,(049)2333614,陳文燦,12,259,21,2,4,114,南投縣學校基本資料,https://sso.ntct.edu.tw/NewPerson/SchoolBase.aspx
school,敦和國小,草屯鎮,南投縣草屯鎮敦和路72-6號,(049)2365074,葉兆祺,21,541,35,3,4,114,南投縣學校基本資料,https://sso.ntct.edu.tw/NewPerson/SchoolBase.aspx
school,富功國小,草屯鎮,南投縣草屯鎮富寮里中正路567號,(049)2569213,侯靖男,17,380,29,-,-,114,南投縣學校基本資料,https://sso.ntct.edu.tw/NewPerson/SchoolBase.aspx
school,虎山國小,草屯鎮,南投縣草屯鎮新生路76號,(049)2339107,謝有誌,23,524,38,2,4,114,南投縣學校基本資料,https://sso.ntct.edu.tw/NewPerson/SchoolBase.aspx
school,竹山國小,竹山鎮,南投縣竹山鎮延和里向學街32號,(049)2642016,林建言,28,675,59,2,4,114,南投縣學校基本資料,https://sso.ntct.edu.tw/NewPerson/SchoolBase.aspx
school,延平國小,竹山鎮,南投縣竹山鎮集山路二段1161號,(049)2642450,黃彥超,12,250,22,2,5,114,南投縣學校基本資料,https://sso.ntct.edu.tw/NewPerson/SchoolBase.aspx
school,社寮國小,竹山鎮,南投縣竹山鎮社寮里集山路一段1723號,(049)2622020,卓宏興,7,149,13,2,4,114,南投縣學校基本資料,https://sso.ntct.edu.tw/NewPerson/SchoolBase.aspx
school,過溪國小,竹山鎮,南投縣竹山鎮福興里鯉南路136號,(049)2642573,林惠星,6,26,11,-,-,114,南投縣學校基本資料,https://sso.ntct.edu.tw/NewPerson/SchoolBase.aspx
school,大鞍國小,竹山鎮,南投縣竹山鎮大鞍里竹寮巷21號,(049)2841009,代理校長 陳忠裕,6,16,12,-,-,114,南投縣學校基本資料,https://sso.ntct.edu.tw/NewPerson/SchoolBase.aspx
school,瑞竹國小,竹山鎮,南投縣竹山鎮瑞竹里鯉南路251號,(049)2711024,陳勇仁,6,23,11,1,2,114,南投縣學校基本資料,https://sso.ntct.edu.tw/NewPerson/SchoolBase.aspx
school,秀林國小,竹山鎮,南投縣竹山鎮頂林路456號,(049)2647285,楊清豐,6,75,11,-,-,114,南投縣學校基本資料,https://sso.ntct.edu.tw/NewPerson/SchoolBase.aspx
school,雲林國小,竹山鎮,南投縣竹山鎮雲林里大明路666號,(049)2643321,施俊吉,16,343,28,3,6,113,南投縣學校基本資料,https://sso.ntct.edu.tw/NewPerson/SchoolBase.aspx
school,鯉魚國小,竹山鎮,南投縣竹山鎮鯉魚里鯉行路92號,(049)2644984,曾以瑩,6,68,12,-,-,114,南投縣學校基本資料,https://sso.ntct.edu.tw/NewPerson/SchoolBase.aspx
school,桶頭國小,竹山鎮,南投縣竹山鎮鯉南路312之1號,(049)2711034,王業,6,22,11,-,-,114,南投縣學校基本資料,https://sso.ntct.edu.tw/NewPerson/SchoolBase.aspx
school,中州國小,竹山鎮,南投縣竹山鎮集山路一段955號,(049)2622030,莊正平,6,58,11,1,3,114,南投縣學校基本資料,https://sso.ntct.edu.tw/NewPerson/SchoolBase.aspx
school,中和國小,竹山鎮,南投縣竹山鎮集山路三段1394號,(049)2642424,陳君青,6,50,12,-,-,114,南投縣學校基本資料,https://sso.ntct.edu.tw/NewPerson/SchoolBase.aspx
school,前山國小,竹山鎮,南投縣竹山鎮自強路100號,(049)2660662,劉永健,13,295,24,-,-,114,南投縣學校基本資料,https://sso.ntct.edu.tw/NewPerson/SchoolBase.aspx
school,集集國小,集集鎮,南投縣集集鎮吳厝里育才街147號,(049)2762027,陳彥文,6,86,12,2,3,114,南投縣學校基本資料,https://sso.ntct.edu.tw/NewPerson/SchoolBase.aspx
school,隘寮國小,集集鎮,南投縣集集鎮田寮里田寮巷4號,(049)2781154,許建睿,6,31,10,-,-,114,南投縣學校基本資料,https://sso.ntct.edu.tw/NewPerson/SchoolBase.aspx
school,永昌國小,集集鎮,南投縣集集鎮永昌里東昌巷4號,(049)2762524,陳璿文,6,128,11,-,-,114,南投縣學校基本資料,https://sso.ntct.edu.tw/NewPerson/SchoolBase.aspx
school,和平國小,集集鎮,南投縣集集鎮和平里集集街178號,(049)2762036,吳雨錫,6,70,10,-,-,114,南投縣學校基本資料,https://sso.ntct.edu.tw/NewPerson/SchoolBase.aspx
school,名間國小,名間鄉,南投縣名間鄉中山村彰南路220號,(049)2732024,范慶鐘,18,401,30,3,7,114,南投縣學校基本資料,https://sso.ntct.edu.tw/NewPerson/SchoolBase.aspx
school,新街國小,名間鄉,南投縣名間鄉新街村彰南路375號,(049)2223534,陳景元,9,175,18,2,4,114,南投縣學校基本資料,https://sso.ntct.edu.tw/NewPerson/SchoolBase.aspx
school,名崗國小,名間鄉,南投縣名間鄉大坑村南田路222號,(049)2271864,林佳玫,6,71,10,-,-,114,南投縣學校基本資料,https://sso.ntct.edu.tw/NewPerson/SchoolBase.aspx
school,中山國小,名間鄉,南投縣名間鄉名松路一段294號,(049)2582335,吳雪華,6,88,10,2,2,114,南投縣學校基本資料,https://sso.ntct.edu.tw/NewPerson/SchoolBase.aspx
school,弓鞋國小,名間鄉,南投縣名間鄉名松路二段580號,(049)2581322,涂仁雄,12,216,19,-,-,114,南投縣學校基本資料,https://sso.ntct.edu.tw/NewPerson/SchoolBase.aspx
school,田豐國小,名間鄉,南投縣名間鄉田仔村田仔巷40號,(049)2271509,黃文英,6,30,10,-,-,114,南投縣學校基本資料,https://sso.ntct.edu.tw/NewPerson/SchoolBase.aspx
school,僑興國小,名間鄉,南投縣名間鄉東湖村彰南路259號,(049)2732340,謝澄賢,6,70,10,1,2,114,南投縣學校基本資料,https://sso.ntct.edu.tw/NewPerson/SchoolBase.aspx
school,新民國小,名間鄉,南投縣名間鄉新民村新民巷43號,(049)2732514,張媛媛,6,51,10,-,-,114,南投縣學校基本資料,https://sso.ntct.edu.tw/NewPerson/SchoolBase.aspx
school,鹿谷國小,鹿谷鄉,南投縣鹿谷鄉鹿谷村中正路2段174號,(049)2752048,黃應欽,6,110,13,-,-,113,南投縣學校基本資料,https://sso.ntct.edu.tw/NewPerson/SchoolBase.aspx
school,秀峰國小,鹿谷鄉,南投縣鹿谷鄉秀峰村仁愛路152號,(049)2671953,陳俊豪,6,46,11,2,2,114,南投縣學校基本資料,https://sso.ntct.edu.tw/NewPerson/SchoolBase.aspx
school,文昌國小,鹿谷鄉,南投縣鹿谷鄉竹林村光復路96號,(049)2676305,李岱恩,6,116,12,2,5,114,南投縣學校基本資料,https://sso.ntct.edu.tw/NewPerson/SchoolBase.aspx
school,鳳凰國小,鹿谷鄉,南投縣鹿谷鄉鳳凰村仁義路35之1號,(049)2752214,邱伯璟,6,60,12,-,-,113,南投縣學校基本資料,https://sso.ntct.edu.tw/NewPerson/SchoolBase.aspx
school,內湖國小,鹿谷鄉,南投縣鹿谷鄉內湖村興產路51號,(049)2752437,沈晉億,6,43,12,-,-,114,南投縣學校基本資料,https://sso.ntct.edu.tw/NewPerson/SchoolBase.aspx
school,初鄉國小,鹿谷鄉,南投縣鹿谷鄉初鄉村仁愛路259號,(049)2752513,張東盟,6,54,11,-,-,113,南投縣學校基本資料,https://sso.ntct.edu.tw/NewPerson/SchoolBase.aspx
school,瑞田國小,鹿谷鄉,南投縣鹿谷鄉瑞田村仁愛路80號,(049)2671284,吳憲鎮,6,14,12,-,-,113,南投縣學校基本資料,https://sso.ntct.edu.tw/NewPerson/SchoolBase.aspx
school,廣興國小,鹿谷鄉,南投縣鹿谷鄉廣興村興產路97號,(049)2752014,吳錫法,6,87,11,1,2,113,南投縣學校基本資料,https://sso.ntct.edu.tw/NewPerson/SchoolBase.aspx
school,中寮國小,中寮鄉,南投縣中寮鄉永平村永平路316號,(049)2691322,邱麗芬,7,165,17,3,4,114,南投縣學校基本資料,https://sso.ntct.edu.tw/NewPerson/SchoolBase.aspx
school,爽文國小,中寮鄉,南投縣中寮鄉爽文村龍南路159號,(049)2601003,林順智,6,30,11,1,2,114,南投縣學校基本資料,https://sso.ntct.edu.tw/NewPerson/SchoolBase.aspx
school,永樂國小,中寮鄉,南投縣中寮鄉福盛村永樂路88號,(049)2691473,吳國松,6,21,10,1,2,114,南投縣學校基本資料,https://sso.ntct.edu.tw/NewPerson/SchoolBase.aspx
school,永康國小,中寮鄉,南投縣中寮鄉永福村仙峰巷44號,(049)2691455,王勝輝,6,58,10,2,4,114,南投縣學校基本資料,https://sso.ntct.edu.tw/NewPerson/SchoolBase.aspx
school,清水國小,中寮鄉,南投縣中寮鄉清水村瀧林巷3號,(049)2601079,田志順,6,41,11,1,2,114,南投縣學校基本資料,https://sso.ntct.edu.tw/NewPerson/SchoolBase.aspx
school,至誠國小,中寮鄉,南投縣中寮鄉永平路489之1號,(049)2227215,鄧秀珍,6,39,10,-,-,114,南投縣學校基本資料,https://sso.ntct.edu.tw/NewPerson/SchoolBase.aspx
school,永和國小,中寮鄉,南投縣中寮鄉龍南路321之1號,(049)2601068,王勝吉,6,25,11,-,-,114,南投縣學校基本資料,https://sso.ntct.edu.tw/NewPerson/SchoolBase.aspx
school,廣福國小,中寮鄉,南投縣中寮鄉廣福村內城巷3之2號,(049)2691464,陳建志,6,25,11,-,-,114,南投縣學校基本資料,https://sso.ntct.edu.tw/NewPerson/SchoolBase.aspx
school,魚池國小,魚池鄉,南投縣魚池鄉魚池村瓊文巷41號,(049)2895537,尤長盈,10,180,21,2,4,114,南投縣學校基本資料,https://sso.ntct.edu.tw/NewPerson/SchoolBase.aspx
school,頭社國小,魚池鄉,南投縣魚池鄉頭社村平和巷105號,(049)2861237,林勻揚,6,33,11,1,2,114,南投縣學校基本資料,https://sso.ntct.edu.tw/NewPerson/SchoolBase.aspx
school,東光國小,魚池鄉,南投縣魚池鄉東光村慶隆巷36號,(049)2880584,曾章榮,6,73,11,2,4,114,南投縣學校基本資料,https://sso.ntct.edu.tw/NewPerson/SchoolBase.aspx
school,五城國小,魚池鄉,南投縣魚池鄉五城村華龍巷1之2號,(049)2896455,代理校長 張淑智,6,24,11,1,2,114,南投縣學校基本資料,https://sso.ntct.edu.tw/NewPerson/SchoolBase.aspx
school,明潭國小,魚池鄉,南投縣魚池鄉水社村中山路190號,(049)2855045,代理校長 洪敏琦,6,39,11,1,2,114,南投縣學校基本資料,https://sso.ntct.edu.tw/NewPerson/SchoolBase.aspx
school,新城國小,魚池鄉,南投縣魚池鄉新城村通文巷7之1號,(049)2895724,李承澤,6,105,11,1,2,114,南投縣學校基本資料,https://sso.ntct.edu.tw/NewPerson/SchoolBase.aspx
school,伊達邵國小,魚池鄉,南投縣魚池鄉日月村中正路211巷1號,(049)2850441,蔡鳳琴,6,60,11,2,2,114,南投縣學校基本資料,https://sso.ntct.edu.tw/NewPerson/SchoolBase.aspx
school,共和國小,魚池鄉,南投縣魚池鄉共和村五馬巷57之1號,(049)2880608,謝永義,6,36,11,1,2,114,南投縣學校基本資料,https://sso.ntct.edu.tw/NewPerson/SchoolBase.aspx
school,國姓國小,國姓鄉,南投縣國姓鄉石門村國姓路311號,(049)2721018,林思遠,9,211,15,3,6,113,南投縣學校基本資料,https://sso.ntct.edu.tw/NewPerson/SchoolBase.aspx
school,北山國小,國姓鄉,南投縣國姓鄉中正路4段119-1號,(049)2451935,陳鍾仁,6,57,12,2,3,114,南投縣學校基本資料,https://sso.ntct.edu.tw/NewPerson/SchoolBase.aspx
school,北港國小,國姓鄉,南投縣國姓鄉北港村國姓路63號,(049)2461345,陳學珠,6,47,11,2,3,114,南投縣學校基本資料,https://sso.ntct.edu.tw/NewPerson/SchoolBase.aspx
school,福龜國小,國姓鄉,南投縣國姓鄉福龜村長壽巷83號,(049)2721019,賀宏偉,6,54,10,0,0,112,南投縣學校基本資料,https://sso.ntct.edu.tw/NewPerson/SchoolBase.aspx
school,長流國小,國姓鄉,南投縣國姓鄉長流村大長路559號,(049)2431006,代理校長 謝政憲,6,39,12,1,2,114,南投縣學校基本資料,https://sso.ntct.edu.tw/NewPerson/SchoolBase.aspx
school,南港國小,國姓鄉,南投縣國姓鄉南港村南港路112-8號,(049)2451937,梅文慧,5,15,10,1,2,113,南投縣學校基本資料,https://sso.ntct.edu.tw/NewPerson/SchoolBase.aspx
school,育樂國小,國姓鄉,南投縣國姓鄉柑林村中正路2段223號,(049)2721274,簡文益,6,18,11,-,-,114,南投縣學校基本資料,https://sso.ntct.edu.tw/NewPerson/SchoolBase.aspx
school,長福國小,國姓鄉,南投縣國姓鄉長福村大長路71號,(049)2431295,郭欣怡,6,45,11,-,-,114,南投縣學校基本資料,https://sso.ntct.edu.tw/NewPerson/SchoolBase.aspx
school,乾峰國小,國姓鄉,南投縣國姓鄉乾溝村中西巷3號,(049)2721385,林秋榮,6,37,11,-,-,114,南投縣學校基本資料,https://sso.ntct.edu.tw/NewPerson/SchoolBase.aspx
school,水里國小,水里鄉,南投縣水里鄉南光村民族路151號,(049)2770014,許秀勳,15,332,25,0,0,114,南投縣學校基本資料,https://sso.ntct.edu.tw/NewPerson/SchoolBase.aspx
school,郡坑國小,水里鄉,南投縣水里鄉上安村水信路三段303巷8號,(049)2821421,楊士弘,6,31,11,-,-,113,南投縣學校基本資料,https://sso.ntct.edu.tw/NewPerson/SchoolBase.aspx
school,民和國小,水里鄉,南投縣水里鄉民和村文明路70號,(049)2741140,盧景山,6,29,12,-,-,114,南投縣學校基本資料,https://sso.ntct.edu.tw/NewPerson/SchoolBase.aspx
school,新興國小,水里鄉,南投縣水里鄉新興村新興巷15號,(049)2811187,周進科,6,48,11,1,3,114,南投縣學校基本資料,https://sso.ntct.edu.tw/NewPerson/SchoolBase.aspx
school,永興國小,水里鄉,南投縣水里鄉永興村林朋巷148號,(049)2772545,張金財,6,47,11,-,-,114,南投縣學校基本資料,https://sso.ntct.edu.tw/NewPerson/SchoolBase.aspx
school,成城國小,水里鄉,南投縣水里鄉新城村中山路二段150號,(049)2770140,謝濰萁,8,129,15,-,-,114,南投縣學校基本資料,https://sso.ntct.edu.tw/NewPerson/SchoolBase.aspx
school,信義國小,信義鄉,南投縣信義鄉明德村玉山路24號,(049)2791263,王民珍,7,54,13,1,2,113,南投縣學校基本資料,https://sso.ntct.edu.tw/NewPerson/SchoolBase.aspx
school,羅娜國小,信義鄉,南投縣信義鄉羅娜村信筆巷1鄰73號,(049)2831327,張素真,6,82,11,1,3,113,南投縣學校基本資料,https://sso.ntct.edu.tw/NewPerson/SchoolBase.aspx
school,同富國小,信義鄉,南投縣信義鄉同富村同和巷4號,(049)2701503,史強福,6,121,13,3,1,114,南投縣學校基本資料,https://sso.ntct.edu.tw/NewPerson/SchoolBase.aspx
school,愛國國小,信義鄉,南投縣信義鄉愛國村愛國巷108號,(049)2791616,曾筱茹,6,56,11,1,2,114,南投縣學校基本資料,https://sso.ntct.edu.tw/NewPerson/SchoolBase.aspx
school,人和國小,信義鄉,南投縣信義鄉人和村民生巷3號,(049)2773259,鄭明祥,6,60,12,1,3,114,南投縣學校基本資料,https://sso.ntct.edu.tw/NewPerson/SchoolBase.aspx
school,地利國小,信義鄉,南投縣信義鄉地利村開信巷17號,(049)2741254,代理校長 田菀如,6,72,11,1,1,114,南投縣學校基本資料,https://sso.ntct.edu.tw/NewPerson/SchoolBase.aspx
school,東埔國小,信義鄉,南投縣信義鄉東埔村開高巷63號,(049)2701340,朱懿幰,6,58,11,1,3,114,南投縣學校基本資料,https://sso.ntct.edu.tw/NewPerson/SchoolBase.aspx
school,潭南國小,信義鄉,南投縣信義鄉潭南村和平巷49號,(049)2741381,許振家,6,103,12,2,1,113,南投縣學校基本資料,https://sso.ntct.edu.tw/NewPerson/SchoolBase.aspx
school,桐林國小,信義鄉,南投縣信義鄉同富村太平巷18號,(049)2701483,代理校長 林佳君,6,48,11,1,1,114,南投縣學校基本資料,https://sso.ntct.edu.tw/NewPerson/SchoolBase.aspx
school,隆華國小,信義鄉,南投縣信義鄉神木村民和巷65-6號,(049)2701478,代理校長 黃艷芬,6,54,11,1,2,114,南投縣學校基本資料,https://sso.ntct.edu.tw/NewPerson/SchoolBase.aspx
school,希娜巴嵐國小,信義鄉,南投縣信義鄉新鄉村新鄉路80號,(049)2831591,梁雅惠,6,58,11,1,3,114,南投縣學校基本資料,https://sso.ntct.edu.tw/NewPerson/SchoolBase.aspx
school,久美國小,信義鄉,南投縣信義鄉望美村美信巷54號,(049)2831506,田春梅,6,60,11,1,3,114,南投縣學校基本資料,https://sso.ntct.edu.tw/NewPerson/SchoolBase.aspx
school,雙龍國小,信義鄉,南投縣信義鄉雙龍村光復巷4號,(049)2741325,陳永輝,6,68,11,1,3,114,南投縣學校基本資料,https://sso.ntct.edu.tw/NewPerson/SchoolBase.aspx
school,豐丘國小,信義鄉,南投縣信義鄉豐丘村高平巷77號,(049)2791723,伍曉玲,6,44,12,1,1,114,南投縣學校基本資料,https://sso.ntct.edu.tw/NewPerson/SchoolBase.aspx
school,仁愛國小,仁愛鄉,南投縣仁愛鄉大同村山農巷5號,(049)2802373,沈慧美,6,47,13,1,2,114,南投縣學校基本資料,https://sso.ntct.edu.tw/NewPerson/SchoolBase.aspx
school,親愛國小,仁愛鄉,南投縣仁愛鄉親愛村高平路3號,(049)2974033,代理校長 沈峰吉,12,72,18,2,5,114,南投縣學校基本資料,https://sso.ntct.edu.tw/NewPerson/SchoolBase.aspx
school,法治國小,仁愛鄉,南投縣仁愛鄉法治村界山巷6號,(049)2977061,代理校長 梁志強,6,136,11,2,5,114,南投縣學校基本資料,https://sso.ntct.edu.tw/NewPerson/SchoolBase.aspx
school,德鹿谷國小,仁愛鄉,南投縣仁愛鄉德鹿谷村莎都部落一巷46號,(049)2970063,高天龍,6,48,11,1,1,114,南投縣學校基本資料,https://sso.ntct.edu.tw/NewPerson/SchoolBase.aspx
school,互助國小,仁愛鄉,南投縣仁愛鄉互助村中華路19號,(049)2941016,梁秀琴,6,81,11,2,2,114,南投縣學校基本資料,https://sso.ntct.edu.tw/NewPerson/SchoolBase.aspx
school,力行國小,仁愛鄉,南投縣仁愛鄉力行村新望洋67號,(049)2955078,代理校長 廖杭,10,39,21,2,5,114,南投縣學校基本資料,https://sso.ntct.edu.tw/NewPerson/SchoolBase.aspx
school,南豐國小,仁愛鄉,南投縣仁愛鄉南豐村楓林路3號,(049)2920037,孫秋雄,6,45,11,2,2,114,南投縣學校基本資料,https://sso.ntct.edu.tw/NewPerson/SchoolBase.aspx
school,中正國小,仁愛鄉,南投縣仁愛鄉中正村平等巷114號,(049)2925114,陳麗惠,6,137,12,2,5,114,南投縣學校基本資料,https://sso.ntct.edu.tw/NewPerson/SchoolBase.aspx
school,廬山國小,仁愛鄉,南投縣仁愛鄉精英村中華巷19號,(049)2970385,曾毓婷,6,31,11,1,1,114,南投縣學校基本資料,https://sso.ntct.edu.tw/NewPerson/SchoolBase.aspx
school,發祥國小,仁愛鄉,南投縣仁愛鄉發祥村光復巷24號,(049)2955030,代理校長 里苾荷‧瓦力思,6,35,12,1,3,114,南投縣學校基本資料,https://sso.ntct.edu.tw/NewPerson/SchoolBase.aspx
school,萬豐國小,仁愛鄉,南投縣仁愛鄉萬豐村清華巷8號,(049)2974123,曹峻昌,6,51,12,1,1,114,南投縣學校基本資料,https://sso.ntct.edu.tw/NewPerson/SchoolBase.aspx
school,都達國小,仁愛鄉,南投縣仁愛鄉都達村法觀路17號,(049)2970053,余秀英,6,59,13,2,4,114,南投縣學校基本資料,https://sso.ntct.edu.tw/NewPerson/SchoolBase.aspx
school,春陽國小,仁愛鄉,南投縣仁愛鄉春陽村永樂巷58號,(049)2802573,洪國哲,6,64,11,2,2,114,南投縣學校基本資料,https://sso.ntct.edu.tw/NewPerson/SchoolBase.aspx
school,紅葉國小,仁愛鄉,南投縣仁愛鄉發祥村仁盛路70號,(049)2955075,施俊良,5,13,10,1,1,114,南投縣學校基本資料,https://sso.ntct.edu.tw/NewPerson/SchoolBase.aspx
school,清境國小,仁愛鄉,南投縣仁愛鄉定遠新村24號,(049)2802572,梁有章,6,48,14,1,3,114,南投縣學校基本資料,https://sso.ntct.edu.tw/NewPerson/SchoolBase.aspx
school,南投國中,南投市,南投縣南投市漳和里祖祠路361號,(049)2222549,劉松彥,23,530,61,-,-,114,南投縣學校基本資料,https://sso.ntct.edu.tw/NewPerson/SchoolBase.aspx
school,南崗國中,南投市,南投縣南投市大庄路94號,(049)2222460,陳國俊 林建利,34,913,88,-,-,114,南投縣學校基本資料,https://sso.ntct.edu.tw/NewPerson/SchoolBase.aspx
school,中興國中,南投市,南投縣南投市內興里新興路309號,(049)2335283,鄭俊楠,58,1582,143,-,-,114,南投縣學校基本資料,https://sso.ntct.edu.tw/NewPerson/SchoolBase.aspx
school,鳳鳴國中,南投市,南投縣南投市鳳鳴里八卦路896號,(049)2291831,燕裘麗,3,25,11,-,-,114,南投縣學校基本資料,https://sso.ntct.edu.tw/NewPerson/SchoolBase.aspx
school,草屯國中,草屯鎮,南投縣草屯鎮炎峰里虎山路808號,(049)2362050,吳國彰,42,1112,110,-,-,114,南投縣學校基本資料,https://sso.ntct.edu.tw/NewPerson/SchoolBase.aspx
school,日新國中,草屯鎮,南投縣草屯鎮新豐里稻香路45號,(049)2333480,蕭進賢,7,182,16,-,-,114,南投縣學校基本資料,https://sso.ntct.edu.tw/NewPerson/SchoolBase.aspx
school,旭光高中,草屯鎮,南投縣草屯鎮中正路568之23號,(049)2563472,毛彬權,54,681,83,-,-,114,南投縣學校基本資料,https://sso.ntct.edu.tw/NewPerson/SchoolBase.aspx
school,埔里國中,埔里鎮,南投縣埔里鎮西安路一段193號,(049)2982055,陳清濱,38,845,111,-,-,114,南投縣學校基本資料,https://sso.ntct.edu.tw/NewPerson/SchoolBase.aspx
school,宏仁國中,埔里鎮,南投縣埔里鎮東門里公園路20號,(049)2982548,林杏霏,34,924,88,-,-,114,南投縣學校基本資料,https://sso.ntct.edu.tw/NewPerson/SchoolBase.aspx
school,大成國中,埔里鎮,南投縣埔里鎮大城路169號,(049)2915550,王仁穩,15,358,50,-,-,114,南投縣學校基本資料,https://sso.ntct.edu.tw/NewPerson/SchoolBase.aspx
school,竹山國中,竹山鎮,南投縣竹山鎮中山里竹山路217號,(049)2642068,林彥良,20,534,46,-,-,114,南投縣學校基本資料,https://sso.ntct.edu.tw/NewPerson/SchoolBase.aspx
school,瑞竹國中,竹山鎮,南投縣竹山鎮瑞竹里瑞東巷20號,(049)2711014,代理校長 王思又,3,9,11,-,-,114,南投縣學校基本資料,https://sso.ntct.edu.tw/NewPerson/SchoolBase.aspx
school,延和國中,竹山鎮,南投縣竹山鎮鹿山路40號,(049)2658641,王伯廷,23,571,57,-,-,114,南投縣學校基本資料,https://sso.ntct.edu.tw/NewPerson/SchoolBase.aspx
school,社寮國中,竹山鎮,南投縣竹山鎮集山路一段1729號,(049)2622010,黃建樹,3,42,10,-,-,114,南投縣學校基本資料,https://sso.ntct.edu.tw/NewPerson/SchoolBase.aspx
school,集集國中,集集鎮,南投縣集集鎮集集里成功路200號,(049)2762013,陳恆旭,5,93,18,-,-,114,南投縣學校基本資料,https://sso.ntct.edu.tw/NewPerson/SchoolBase.aspx
school,中寮國中,中寮鄉,南投縣中寮鄉復興村初中巷50號,(049)2691247,簡靜儀,3,66,12,-,-,113,南投縣學校基本資料,https://sso.ntct.edu.tw/NewPerson/SchoolBase.aspx
school,爽文國中,中寮鄉,南投縣中寮鄉爽文村4 鄰竹坪巷40號,(049)2601030,代理校長 周睿帆,6,108,19,-,-,114,南投縣學校基本資料,https://sso.ntct.edu.tw/NewPerson/SchoolBase.aspx
school,名間國中,名間鄉,南投縣名間鄉中山村彰南路237號,(049)2732046,劉民專,10,244,24,-,-,114,南投縣學校基本資料,https://sso.ntct.edu.tw/NewPerson/SchoolBase.aspx
school,三光國中,名間鄉,南投縣名間鄉新光村名山路50號,(049)2732074,吳明順,12,212,38,-,-,113,南投縣學校基本資料,https://sso.ntct.edu.tw/NewPerson/SchoolBase.aspx
school,水里國中,水里鄉,南投縣水里鄉民生路68號,(049)2770134,李慧芬,13,338,37,-,-,114,南投縣學校基本資料,https://sso.ntct.edu.tw/NewPerson/SchoolBase.aspx
school,民和國中,水里鄉,南投縣水里鄉民和村中學路29號,(049)2741138,陳名昱,3,48,13,-,-,114,南投縣學校基本資料,https://sso.ntct.edu.tw/NewPerson/SchoolBase.aspx
school,魚池國中,魚池鄉,南投縣魚池鄉魚池村魚池街441-6號,(049)2895527,金惠恬,4,66,14,-,-,114,南投縣學校基本資料,https://sso.ntct.edu.tw/NewPerson/SchoolBase.aspx
school,明潭國中,魚池鄉,南投縣魚池鄉中山路190號,(049)2855145,黃俊峯,3,23,11,-,-,114,南投縣學校基本資料,https://sso.ntct.edu.tw/NewPerson/SchoolBase.aspx
school,鹿谷國中,鹿谷鄉,南投縣鹿谷鄉彰雅村仁義路94之1號,(049)2752001,吳毓真,3,64,15,-,-,113,南投縣學校基本資料,https://sso.ntct.edu.tw/NewPerson/SchoolBase.aspx
school,瑞峰國中,鹿谷鄉,南投縣鹿谷鄉仁愛路154之1號,(049)2671712,魏靖育,3,6,10,-,-,114,南投縣學校基本資料,https://sso.ntct.edu.tw/NewPerson/SchoolBase.aspx
school,國姓國中,國姓鄉,南投縣國姓鄉石門村國姓路237號,(049)2721144,陳啟濃,6,110,20,-,-,113,南投縣學校基本資料,https://sso.ntct.edu.tw/NewPerson/SchoolBase.aspx
school,北山國中,國姓鄉,南投縣國姓鄉北山村中正路四段157號,(049)2451028,許淑春,3,38,11,-,-,114,南投縣學校基本資料,https://sso.ntct.edu.tw/NewPerson/SchoolBase.aspx
school,北梅國中,國姓鄉,南投縣國姓鄉北港村國姓路62號,(049)2461004,朱珮芬,3,47,12,-,-,114,南投縣學校基本資料,https://sso.ntct.edu.tw/NewPerson/SchoolBase.aspx
school,仁愛國中,仁愛鄉,南投縣仁愛鄉大同村信義巷28號,(049)2802206,張文嘉,4,97,13,-,-,114,南投縣學校基本資料,https://sso.ntct.edu.tw/NewPerson/SchoolBase.aspx
school,信義國中,信義鄉,南投縣信義鄉玉山路20號,(049)2791129,脈樹.塔給鹿敦,3,50,10,-,-,114,南投縣學校基本資料,https://sso.ntct.edu.tw/NewPerson/SchoolBase.aspx
school,同富國中,信義鄉,南投縣信義鄉同富村同和巷7號,(049)2701317,石啟佑,5,75,14,-,-,114,南投縣學校基本資料,https://sso.ntct.edu.tw/NewPerson/SchoolBase.aspx
school,營北國中,南投市,南投縣南投市營北里向上路2號,(049)2392683,黃美玲,15,327,40,-,-,114,南投縣學校基本資料,https://sso.ntct.edu.tw/NewPerson/SchoolBase.aspx
